year,month,res.price,res.sales.adj,com.price,com.sales.adj,EMXP,MXSD,TPCP,TSNW,EMXT,EMNT,MMXT,MMNT,MNTM,DT90,DX32,DT00,DT32,DP01,DP05,DP10,MDPT,VISIB,WDSP,MWSPD,GUST,HTDD,CLDD,LABOR,EMP,UNEMP,UNEMPRATE,PCINCOME,GSP
1990,1,7.68,9204.26,6.74,5629.84,1.37,0.00,3.59,0.00,84.81,43.40,77.29,58.11,67.69,0.00,0.00,0.00,0.00,5.00,2.40,1.53,52.28,7.86,6.68,12.50,19.12,223.42,29.99,6382604.00,6016520.00,366084.00,5.70,29590.85,418825.00
1990,2,7.84,6760.42,6.67,5779.63,1.39,0.00,2.71,0.00,85.94,44.18,79.00,57.52,68.26,0.00,0.00,0.00,0.13,3.80,1.73,0.67,54.79,8.24,8.44,14.57,21.21,122.38,49.82,6410600.00,6041547.00,369053.00,5.80,29590.85,418825.00
1990,3,7.79,6375.71,6.65,5727.16,1.57,0.00,3.22,0.00,90.08,45.69,80.97,59.70,70.34,1.07,0.00,0.00,0.00,4.53,2.27,0.73,54.84,8.64,7.88,13.75,20.51,96.97,49.27,6433214.00,6061089.00,372125.00,5.80,29590.85,418825.00
1990,4,7.90,6356.13,6.73,5835.49,1.45,0.00,3.66,0.00,94.41,58.59,87.31,68.04,77.67,9.60,0.00,0.00,0.00,5.07,2.20,1.13,56.63,8.36,7.62,13.54,19.99,51.11,83.56,6449388.00,6073585.00,375803.00,5.80,29590.85,418825.00
1990,5,7.83,7481.00,6.67,6393.53,1.89,0.00,6.10,0.00,96.49,63.55,90.94,71.83,81.36,20.40,0.00,0.00,0.00,7.27,4.20,2.27,64.32,8.31,7.44,13.20,19.75,3.64,254.15,6460750.00,6080536.00,380214.00,5.90,29590.85,418825.00
1990,6,7.71,9534.48,6.60,6922.67,1.96,0.00,6.54,0.00,97.36,68.95,91.52,73.42,82.47,22.80,0.00,0.00,0.00,9.60,4.27,1.67,68.09,8.01,5.67,12.32,20.10,0.00,344.62,6469062.00,6083392.00,385670.00,6.00,29590.85,418825.00
1990,7,7.70,10304.87,6.59,7044.78,1.65,0.00,5.67,0.00,97.00,68.58,92.46,73.33,82.90,26.40,0.00,0.00,0.00,9.33,3.60,1.53,70.09,8.29,5.91,12.81,21.40,0.00,381.77,6477033.00,6084167.00,392866.00,6.10,29590.85,418825.00
1990,8,7.70,10824.75,6.57,7253.45,1.52,0.00,4.29,0.00,95.67,61.18,90.45,71.46,80.96,19.13,0.00,0.00,0.00,6.53,2.73,1.20,70.43,7.61,4.76,11.86,20.41,0.00,389.41,6485459.00,6083808.00,401651.00,6.20,29590.85,418825.00
1990,9,7.69,10527.10,6.61,7037.86,1.77,0.00,4.51,0.00,91.96,46.95,85.11,66.48,75.81,5.93,0.00,0.00,0.00,6.27,2.67,1.60,67.51,7.95,5.70,11.62,18.62,2.02,336.66,6492799.00,6081382.00,411417.00,6.30,29590.85,418825.00
1990,10,7.76,9707.97,6.65,6973.15,0.81,0.00,1.36,0.00,85.80,44.72,78.99,57.16,68.05,0.07,0.00,0.00,0.07,3.13,0.73,0.33,62.76,8.48,7.03,12.59,19.55,41.99,220.38,6497505.00,6075768.00,421737.00,6.50,29590.85,418825.00
1990,11,7.89,7593.31,6.71,6386.17,0.71,0.00,1.40,0.00,84.06,38.20,75.85,54.99,65.43,0.00,0.00,0.00,1.27,3.47,0.73,0.20,55.79,8.67,6.70,12.07,18.38,105.94,60.23,6500099.00,6068300.00,431799.00,6.60,29590.85,418825.00
1990,12,7.96,6913.65,6.82,5926.30,2.48,0.00,7.80,0.00,84.03,38.41,72.73,55.40,64.09,0.00,0.00,0.00,1.20,8.07,4.07,2.60,54.77,8.24,6.66,11.82,18.79,192.46,40.24,6501640.00,6060234.00,441406.00,6.80,29590.85,418825.00
1991,1,8.18,7278.99,6.99,5849.44,0.73,0.00,1.59,0.00,84.45,31.35,73.38,53.19,63.27,0.00,0.00,0.00,1.27,3.20,1.13,0.33,54.21,7.60,6.84,12.35,19.24,231.14,37.19,6503384.00,6052024.00,451360.00,6.90,29026.15,421103.00
1991,2,8.24,6929.07,7.15,5495.58,2.30,0.00,5.99,0.00,88.56,39.25,77.72,57.66,67.64,0.27,0.00,0.00,0.27,6.07,3.33,1.87,49.28,8.49,7.61,13.39,20.50,200.23,18.94,6507630.00,6045622.00,462008.00,7.10,29026.15,421103.00
1991,3,8.23,6993.21,7.13,5590.15,1.85,0.00,5.53,0.00,91.92,50.59,83.55,65.55,74.59,3.00,0.00,0.00,0.00,7.33,3.93,2.00,54.25,7.93,8.50,14.87,21.65,127.82,61.45,6513776.00,6041212.00,472564.00,7.30,29026.15,421103.00
1991,4,7.97,6943.19,6.80,5940.26,2.60,0.00,7.69,0.00,92.28,64.39,87.21,71.02,79.12,7.87,0.00,0.00,0.00,9.40,4.33,2.67,62.30,8.25,7.43,13.78,21.08,18.51,149.24,6520647.00,6038949.00,481698.00,7.40,29026.15,421103.00
1991,5,7.85,8529.25,6.71,6556.86,1.98,0.00,7.31,0.00,94.66,65.66,89.56,71.86,80.72,17.00,0.00,0.00,0.00,10.67,5.13,2.07,66.95,8.34,7.02,13.01,20.53,0.10,276.81,6527666.00,6038775.00,488891.00,7.50,29026.15,421103.00
1991,6,7.80,9472.98,6.64,6887.48,2.42,0.00,9.97,0.00,95.18,70.40,90.87,73.99,82.41,22.60,0.00,0.00,0.00,14.67,6.40,2.87,69.12,8.48,5.51,11.95,20.29,0.10,315.60,6534353.00,6040389.00,493964.00,7.60,29026.15,421103.00
1991,7,7.78,10247.21,6.63,6996.54,1.64,0.00,6.20,0.00,95.05,69.48,90.97,74.01,82.48,22.47,0.00,0.00,0.00,10.80,4.53,1.67,71.69,8.23,4.96,12.38,22.21,0.00,363.82,6540152.00,6042600.00,497552.00,7.60,29026.15,421103.00
1991,8,7.72,10831.78,6.58,7282.01,1.74,0.00,5.20,0.00,94.65,62.59,89.48,71.78,80.64,15.33,0.00,0.00,0.00,7.93,3.13,1.47,71.61,8.50,4.91,11.48,20.40,0.15,371.49,6545644.00,6044199.00,501445.00,7.70,29026.15,421103.00
1991,9,7.72,10673.87,6.57,7208.96,2.58,0.00,6.89,0.00,89.86,50.14,83.40,65.16,74.30,1.87,0.00,0.00,0.00,7.60,3.33,2.13,69.11,8.23,5.58,11.43,20.22,2.08,306.44,6552376.00,6044477.00,507899.00,7.80,29026.15,421103.00
1991,10,7.84,8924.21,6.67,6803.61,0.70,0.00,1.58,0.00,84.87,38.68,74.73,54.54,64.64,0.00,0.00,0.00,1.73,3.27,1.00,0.33,62.72,8.39,6.61,12.11,18.65,27.64,158.50,6560638.00,6042830.00,517808.00,7.90,29026.15,421103.00
1991,11,7.98,7412.55,6.73,6362.82,0.62,0.00,1.11,0.00,84.14,38.97,73.87,54.10,63.98,0.00,0.00,0.00,1.20,2.87,0.60,0.13,51.49,8.28,7.14,12.27,18.84,217.48,44.68,6570531.00,6040246.00,530285.00,8.10,29026.15,421103.00
1991,12,7.95,7347.36,6.82,5936.32,1.37,0.00,3.42,0.00,79.99,32.36,68.61,48.40,58.53,0.00,0.00,0.00,3.20,4.67,2.53,1.07,52.55,8.14,6.61,11.89,19.24,226.21,32.95,6581238.00,6038427.00,542811.00,8.20,29026.15,421103.00
1992,1,7.98,7983.37,6.89,5697.86,1.33,0.00,3.62,0.00,83.12,38.72,72.97,53.61,63.26,0.00,0.00,0.00,0.80,5.40,2.93,1.27,46.58,8.06,7.08,12.58,19.36,363.54,8.09,6592915.00,6040288.00,552627.00,8.40,29353.76,436843.00
1992,2,7.87,7816.81,6.82,5486.88,1.58,0.00,3.40,0.00,84.94,41.47,75.66,54.52,65.11,0.00,0.00,0.00,0.13,4.80,2.00,1.13,51.88,7.87,7.07,12.93,19.91,227.98,21.22,6605662.00,6047093.00,558569.00,8.50,29353.76,436843.00
1992,3,7.94,6798.93,6.74,5723.70,1.44,0.00,3.08,0.00,88.02,44.06,78.84,59.08,68.96,0.20,0.00,0.00,0.07,4.53,1.73,0.87,51.53,8.25,7.31,13.14,19.95,168.55,30.84,6620358.00,6059509.00,560849.00,8.50,29353.76,436843.00
1992,4,7.80,6561.01,6.64,5750.27,0.97,0.00,1.94,0.00,91.41,47.84,84.76,63.01,73.88,3.60,0.00,0.00,0.00,3.67,1.07,0.47,56.00,8.19,7.60,13.62,20.62,89.90,68.88,6637586.00,6076331.00,561255.00,8.50,29353.76,436843.00
1992,5,7.79,6914.85,6.58,6092.29,2.36,0.00,11.59,0.00,94.17,66.86,88.96,72.15,80.58,14.47,0.00,0.00,0.00,14.20,7.40,3.80,60.19,8.04,6.78,12.67,18.61,23.29,153.48,6654303.00,6093551.00,560752.00,8.40,29353.76,436843.00
1992,6,7.65,8858.12,6.46,6815.19,1.23,0.00,3.80,0.00,96.68,69.97,92.23,74.23,83.25,26.67,0.00,0.00,0.00,7.53,2.33,1.07,70.20,8.12,6.17,13.25,21.75,0.00,305.60,6667987.00,6108594.00,559393.00,8.40,29353.76,436843.00
1992,7,7.59,10882.41,6.42,7312.48,1.98,0.00,8.02,0.00,94.20,67.95,89.88,73.16,81.50,18.67,0.00,0.00,0.00,11.67,5.27,2.33,71.52,8.05,5.46,11.81,20.45,0.00,402.14,6677483.00,6120884.00,556599.00,8.30,29353.76,436843.00
1992,8,7.58,11152.85,6.39,7273.20,1.82,0.00,5.64,0.00,92.67,66.29,88.07,72.40,80.23,11.21,0.00,0.00,0.00,9.33,3.73,1.73,71.36,8.56,5.20,12.07,22.58,0.00,331.53,6681621.00,6130592.00,551029.00,8.20,29353.76,436843.00
1992,9,7.60,10350.30,6.43,7277.53,2.45,0.00,3.72,0.00,88.27,53.06,81.82,63.15,72.40,1.20,0.00,0.00,0.00,4.07,1.53,0.93,68.94,8.42,5.65,11.63,20.29,0.18,294.67,6680573.00,6138259.00,542314.00,8.10,29353.76,436843.00
1992,10,7.70,9010.93,6.50,6813.63,2.26,0.00,6.09,0.00,86.88,40.48,77.05,61.02,69.03,0.20,0.00,0.00,0.33,7.40,3.33,1.80,60.78,7.92,6.64,11.74,19.28,34.72,114.53,6677276.00,6146106.00,531170.00,8.00,29353.76,436843.00
1992,11,7.94,7376.33,6.62,6469.87,0.87,0.00,1.53,0.00,81.26,37.71,72.74,53.11,62.90,0.00,0.00,0.00,0.80,2.53,1.00,0.53,58.27,8.38,8.04,13.64,20.81,143.80,95.97,6673964.00,6154438.00,519526.00,7.80,29353.76,436843.00
1992,12,7.78,7877.75,6.61,6197.11,1.78,0.00,5.89,0.00,82.92,40.66,73.71,56.84,65.25,0.00,0.00,0.00,0.40,8.80,4.20,1.87,52.89,8.21,6.42,11.56,19.17,242.86,18.82,6673247.00,6164133.00,509114.00,7.60,29353.76,436843.00
1993,1,7.84,7203.16,6.55,5866.65,1.26,0.00,3.20,0.00,79.39,36.20,70.35,49.84,60.08,0.00,0.00,0.00,0.87,4.73,2.67,1.00,55.49,7.73,6.96,12.40,19.83,196.27,35.70,6677510.00,6176868.00,500642.00,7.50,29813.70,453350.00
1993,2,7.85,6830.99,6.69,5417.48,2.28,0.00,5.94,0.00,85.41,33.02,74.11,53.96,64.03,0.00,0.00,0.00,1.13,7.13,3.67,2.00,46.70,8.35,7.73,13.50,20.04,281.99,7.38,6687096.00,6192969.00,494127.00,7.40,29813.70,453350.00
1993,3,7.82,7049.62,6.70,5426.20,0.98,0.00,1.85,0.00,85.94,44.53,78.26,56.30,67.29,0.00,0.00,0.00,0.07,3.40,1.20,0.33,50.90,8.20,8.44,14.72,22.68,211.73,23.67,6702047.00,6212689.00,489358.00,7.30,29813.70,453350.00
1993,4,8.21,6752.40,6.90,5785.51,1.23,0.00,2.29,0.00,90.72,55.80,84.58,65.36,74.97,2.53,0.00,0.00,0.00,4.20,1.27,0.47,52.66,8.97,8.31,14.21,20.70,98.24,42.37,6720505.00,6235280.00,485225.00,7.20,29813.70,453350.00
1993,5,8.23,6714.79,6.89,5985.62,1.15,0.00,3.99,0.00,95.74,65.59,90.13,71.86,81.02,16.00,0.00,0.00,0.00,7.60,3.00,0.73,61.73,8.65,7.44,13.00,19.21,4.60,169.78,6739632.00,6258223.00,481409.00,7.10,29813.70,453350.00
1993,6,8.05,8995.98,6.76,6814.11,1.84,0.00,6.56,0.00,97.02,69.74,92.44,73.70,83.08,26.53,0.00,0.00,0.00,9.27,4.60,2.33,68.05,8.55,6.28,12.62,20.51,0.00,330.22,6756937.00,6278549.00,478388.00,7.10,29813.70,453350.00
1993,7,7.99,10665.91,6.70,7197.38,1.55,0.00,5.31,0.00,96.94,69.15,92.04,73.75,82.88,24.07,0.00,0.00,0.00,8.93,3.40,1.47,71.75,8.24,5.11,11.84,21.71,0.00,400.87,6769594.00,6294044.00,475550.00,7.00,29813.70,453350.00
1993,8,7.98,11594.39,6.69,7464.79,1.44,0.00,5.93,0.00,93.79,60.87,89.49,71.90,80.67,16.93,0.00,0.00,0.00,10.20,4.13,1.53,71.65,7.92,5.48,11.86,20.17,0.00,393.43,6778605.00,6305629.00,472976.00,7.00,29813.70,453350.00
1993,9,8.01,10766.14,6.69,7346.21,2.50,0.00,6.71,0.00,90.22,46.47,83.78,65.70,74.74,2.47,0.00,0.00,0.13,7.80,4.27,2.27,70.06,8.85,5.60,11.79,20.35,1.36,324.63,6788305.00,6317326.00,470979.00,6.90,29813.70,453350.00
1993,10,7.92,9343.11,6.54,6914.90,1.51,0.00,2.35,0.00,86.08,38.47,77.22,57.97,67.59,0.20,0.00,0.00,0.60,3.60,1.07,0.33,64.81,8.39,6.12,11.53,19.35,28.77,172.67,6801657.00,6331527.00,470130.00,6.90,29813.70,453350.00
1993,11,8.00,7906.44,6.58,6419.97,0.85,0.00,1.83,0.00,80.07,33.33,69.60,47.66,58.65,0.00,0.00,0.00,2.27,3.73,0.87,0.33,56.93,8.40,7.15,12.06,18.68,151.84,71.52,6819485.00,6348474.00,471011.00,6.90,29813.70,453350.00
1993,12,7.97,7760.75,6.57,6271.21,1.42,0.00,5.28,0.00,80.17,34.78,68.84,49.78,59.31,0.00,0.00,0.00,3.20,7.47,4.27,1.67,47.51,8.72,6.84,12.15,20.31,365.31,10.00,6841132.00,6368181.00,472951.00,6.90,29813.70,453350.00
1994,1,7.93,8208.30,6.65,5462.97,1.32,0.00,2.68,0.00,84.67,36.14,74.92,56.17,65.53,0.00,0.00,0.00,1.27,4.07,1.87,0.87,49.12,8.15,7.99,13.68,21.08,352.61,15.87,6863153.00,6388699.00,474454.00,6.90,30084.41,475562.00
1994,2,7.91,7206.29,6.60,5421.27,1.83,0.00,3.40,0.00,88.94,41.07,78.19,56.77,67.50,0.87,0.00,0.00,0.27,3.67,1.93,1.00,54.78,8.08,7.49,12.97,19.79,175.75,37.25,6881455.00,6407639.00,473816.00,6.90,30084.41,475562.00
1994,3,7.95,6625.86,6.50,5728.71,1.62,0.00,3.52,0.00,89.16,47.88,82.78,63.86,73.34,0.93,0.00,0.00,0.00,5.07,2.07,0.87,54.89,8.28,8.12,13.95,20.62,135.52,59.29,6894523.00,6423996.00,470527.00,6.80,30084.41,475562.00
1994,4,7.85,7230.15,6.29,6358.72,1.78,0.00,3.45,0.00,92.71,55.66,86.62,66.79,76.71,7.33,0.00,0.00,0.00,4.40,2.07,1.13,61.95,8.54,7.33,13.06,19.60,32.24,134.47,6903675.00,6438663.00,465012.00,6.70,30084.41,475562.00
1994,5,7.72,8155.62,6.50,6183.35,2.30,0.00,9.45,0.00,95.07,68.26,89.61,72.88,81.26,16.87,0.00,0.00,0.00,13.00,5.93,3.20,64.42,8.01,6.44,12.16,20.10,5.22,224.84,6912763.00,6454530.00,458233.00,6.60,30084.41,475562.00
1994,6,7.71,9353.87,6.25,6868.70,1.80,0.00,7.43,0.00,93.68,69.14,89.47,72.91,81.19,17.13,0.00,0.00,0.00,11.93,5.13,2.13,71.33,8.16,5.89,12.58,22.39,0.01,326.34,6924913.00,6473763.00,451150.00,6.50,30084.41,475562.00
1994,7,7.64,10546.70,6.17,7124.62,2.65,0.00,9.37,0.00,92.98,68.14,89.01,72.57,80.79,14.00,0.00,0.00,0.00,12.73,6.07,2.80,71.24,8.37,5.73,12.65,21.90,0.00,334.44,6942049.00,6497466.00,444583.00,6.40,30084.41,475562.00
1994,8,7.65,10051.69,6.20,6956.11,2.51,0.00,9.50,0.00,92.38,64.66,87.03,71.17,79.09,7.53,0.00,0.00,0.00,11.07,5.80,3.67,71.31,8.48,5.61,12.17,21.61,0.00,327.37,6963006.00,6524402.00,438604.00,6.30,30084.41,475562.00
1994,9,7.66,10056.19,6.19,7032.76,2.60,0.00,6.49,0.00,89.34,58.80,83.22,66.92,75.08,1.40,0.00,0.00,0.00,8.00,3.93,1.93,69.79,8.17,5.77,11.78,21.23,0.27,264.44,6984501.00,6552483.00,432018.00,6.20,30084.41,475562.00
1994,10,7.79,8784.70,6.33,6750.23,3.13,0.00,5.95,0.00,86.13,49.50,79.66,62.52,71.07,0.13,0.00,0.00,0.00,4.67,2.47,1.93,65.53,8.32,6.38,11.76,19.69,21.30,169.28,7003158.00,6579967.00,423191.00,6.00,30084.41,475562.00
1994,11,7.86,7840.15,6.36,6567.51,2.06,0.00,4.03,0.00,83.66,41.79,72.62,55.41,64.03,0.00,0.00,0.00,0.13,5.67,2.27,0.93,61.00,8.14,7.35,12.66,19.73,64.83,96.72,7017773.00,6605757.00,412016.00,5.90,30084.41,475562.00
1994,12,7.85,7524.15,6.33,6455.08,1.33,0.00,3.22,0.00,79.53,35.34,68.96,48.16,58.57,0.00,0.00,0.00,1.87,5.53,2.00,0.93,54.89,7.64,6.80,11.68,19.73,233.97,34.92,7026523.00,6626354.00,400169.00,5.70,30084.41,475562.00
1995,1,7.80,7321.57,6.38,5585.37,0.78,0.00,2.03,0.00,83.13,28.65,71.61,50.04,60.80,0.00,0.00,0.00,2.67,4.40,1.33,0.33,48.15,8.39,6.99,12.62,19.94,353.82,8.75,7029031.00,6638913.00,390118.00,5.60,31020.81,493273.00
1995,2,7.79,7824.55,6.52,5277.74,2.01,0.00,4.15,0.00,87.22,44.53,77.35,58.16,67.76,0.20,0.00,0.00,0.07,5.33,2.60,1.13,48.83,8.33,7.61,13.51,20.59,270.63,16.23,7028330.00,6644667.00,383663.00,5.50,31020.81,493273.00
1995,3,7.86,6444.30,6.47,5519.55,1.38,0.00,3.36,0.00,90.21,48.67,82.04,61.77,71.90,2.00,0.00,0.00,0.00,4.80,2.33,1.13,56.63,8.26,7.95,13.65,20.33,115.75,43.16,7027083.00,6645653.00,381430.00,5.40,31020.81,493273.00
1995,4,7.88,6547.67,6.40,5919.21,1.61,0.00,3.07,0.00,94.80,57.39,88.95,69.31,79.10,14.40,0.00,0.00,0.07,4.33,1.93,0.80,60.47,8.26,6.99,12.53,19.04,46.03,107.97,7026666.00,6643924.00,382742.00,5.40,31020.81,493273.00
1995,5,7.76,8139.19,6.35,6520.57,3.14,0.00,10.10,0.00,95.35,60.09,88.40,71.26,79.84,12.47,0.00,0.00,0.13,10.67,6.00,3.33,67.52,8.24,6.84,12.51,19.05,1.48,293.67,7029171.00,6642854.00,386317.00,5.50,31020.81,493273.00
1995,6,7.71,10046.46,6.23,7099.54,1.89,0.00,7.28,0.00,96.72,69.86,91.36,73.90,82.63,23.07,0.00,0.00,0.00,11.29,5.29,2.43,69.44,7.99,6.64,12.98,20.68,0.05,295.07,7035310.00,6644927.00,390383.00,5.50,31020.81,493273.00
1995,7,7.71,10147.89,6.24,7101.13,3.44,0.00,11.11,0.00,97.01,70.53,90.44,75.06,82.75,19.79,0.00,0.00,0.00,12.14,6.43,3.64,72.14,8.09,5.83,12.88,22.43,0.00,373.74,7044457.00,6650644.00,393813.00,5.60,31020.81,493273.00
1995,8,7.71,10204.10,6.27,7003.15,1.92,0.00,6.98,0.00,93.63,64.56,88.84,72.67,80.76,13.33,0.00,0.00,0.07,9.00,4.33,2.33,73.27,7.40,6.60,12.80,21.26,0.00,387.81,7054356.00,6658547.00,395809.00,5.60,31020.81,493273.00
1995,9,7.72,10445.70,6.22,7311.19,2.69,0.00,8.52,0.00,90.72,54.87,84.24,68.60,76.44,3.20,0.00,0.00,0.00,10.47,4.93,2.47,70.96,8.31,5.44,11.28,19.51,0.67,311.63,7062597.00,6666651.00,395946.00,5.60,31020.81,493273.00
1995,10,7.96,9573.54,6.48,6982.60,1.25,0.00,2.89,0.00,86.76,40.14,75.18,54.09,64.62,0.07,0.00,0.00,0.73,4.00,1.53,0.93,66.25,8.61,7.23,12.82,20.51,22.04,217.44,7068152.00,6673498.00,394654.00,5.60,31020.81,493273.00
1995,11,8.07,7859.07,6.58,6578.35,0.98,0.00,2.04,0.00,81.94,30.26,69.20,49.69,59.40,0.00,0.00,0.00,4.27,3.20,1.13,0.53,53.53,8.97,6.75,11.94,18.66,199.26,55.31,7071140.00,6679474.00,391666.00,5.50,31020.81,493273.00
1995,12,8.06,7029.62,6.63,6011.63,1.53,0.00,3.24,0.00,81.39,27.79,69.96,47.50,58.74,0.00,0.00,0.00,4.00,5.00,2.07,0.67,48.95,8.14,6.58,11.75,19.24,351.01,15.95,7073427.00,6686077.00,387350.00,5.50,31020.81,493273.00
1996,1,7.87,9210.33,6.62,5732.15,0.88,0.00,1.79,0.00,83.65,25.35,71.85,48.56,60.20,0.00,0.07,0.00,4.00,2.87,1.13,0.47,47.85,8.53,7.55,13.57,20.87,366.57,13.18,7078022.00,6695448.00,382574.00,5.40,31631.57,518640.00
1996,2,7.92,7888.91,6.73,5572.67,2.20,0.00,7.02,0.00,84.94,33.61,72.58,51.93,62.23,0.00,0.00,0.00,1.67,7.87,4.27,2.47,48.65,8.04,7.20,13.19,20.59,301.10,12.85,7086636.00,6708158.00,378478.00,5.30,31631.57,518640.00
1996,3,8.01,7323.55,6.74,5550.27,1.63,0.00,3.05,0.00,89.79,43.93,79.40,58.71,69.08,1.07,0.00,0.00,0.13,3.67,2.27,1.07,49.72,8.67,8.72,15.31,22.28,274.71,26.86,7099557.00,6724047.00,375510.00,5.30,31631.57,518640.00
1996,4,7.98,6688.99,6.68,5641.97,1.67,0.00,4.10,0.00,94.30,57.87,87.32,68.32,77.83,9.80,0.00,0.00,0.00,6.20,2.67,1.00,57.07,8.93,7.37,13.25,19.44,94.56,74.96,7116176.00,6742779.00,373397.00,5.20,31631.57,518640.00
1996,5,7.94,7308.55,6.57,6269.59,2.16,0.00,8.61,0.00,95.00,61.28,88.56,71.10,79.82,11.73,0.00,0.00,0.07,12.33,5.73,2.60,65.88,8.91,6.45,12.30,19.39,4.82,246.33,7135463.00,6763997.00,371466.00,5.20,31631.57,518640.00
1996,6,7.85,9184.68,6.42,6965.26,1.80,0.00,4.88,0.00,95.82,69.26,91.05,74.44,82.78,23.00,0.00,0.00,0.00,7.27,3.07,1.33,69.35,8.70,5.86,12.61,20.92,0.00,290.67,7156648.00,6787299.00,369349.00,5.20,31631.57,518640.00
1996,7,7.93,9907.33,6.54,7079.20,1.78,0.00,7.15,0.00,93.19,68.66,89.42,73.09,81.27,16.67,0.00,0.00,0.00,12.33,5.07,1.87,72.08,8.47,6.41,12.30,20.36,0.00,395.67,7179471.00,6812355.00,367116.00,5.10,31631.57,518640.00
1996,8,7.94,10838.14,6.51,7372.65,1.69,0.00,5.58,0.00,93.03,63.62,88.92,71.77,80.35,14.07,0.00,0.00,0.00,9.47,3.93,1.33,71.40,8.58,5.35,11.91,20.90,0.00,332.93,7203002.00,6837669.00,365333.00,5.10,31631.57,518640.00
1996,9,7.97,10196.09,6.52,7256.37,2.89,0.00,7.07,0.00,88.02,49.05,82.14,65.08,73.62,0.40,0.00,0.00,0.00,7.40,4.40,2.27,69.79,8.43,5.59,11.57,19.79,0.61,298.16,7224225.00,6859676.00,364549.00,5.00,31631.57,518640.00
1996,10,8.15,8785.11,6.72,6854.61,0.75,0.00,1.27,0.00,86.42,43.35,76.54,57.25,66.87,0.00,0.00,0.00,0.07,3.13,0.60,0.33,63.60,8.85,7.13,12.51,20.08,36.66,150.09,7240543.00,6875770.00,364773.00,5.00,31631.57,518640.00
1996,11,8.25,7280.95,6.78,6443.37,1.32,0.00,2.98,0.00,81.73,32.46,72.39,51.84,62.13,0.00,0.00,0.00,1.80,4.33,1.93,1.07,55.57,9.22,8.30,13.60,20.60,145.71,57.20,7252081.00,6886400.00,365681.00,5.00,31631.57,518640.00
1996,12,8.22,6971.02,6.79,6171.91,1.39,0.00,3.06,0.00,82.33,27.87,71.29,50.67,61.03,0.00,0.00,0.00,2.93,4.73,1.80,0.67,52.25,8.70,6.35,11.59,19.36,264.11,17.13,7261593.00,6895186.00,366407.00,5.00,31631.57,518640.00
1997,1,8.16,7831.68,6.81,5769.60,1.21,0.00,2.51,0.00,84.96,38.62,75.94,56.72,66.33,0.00,0.00,0.00,0.47,4.27,1.40,0.47,50.36,8.64,6.73,12.36,20.04,298.41,14.86,7271995.00,6905670.00,366325.00,5.00,32210.18,540967.00
1997,2,8.22,7332.20,6.91,5557.73,1.25,0.00,2.80,0.00,87.97,49.62,81.18,62.12,71.64,0.20,0.00,0.00,0.00,5.07,1.80,0.67,56.49,8.36,7.50,13.00,20.22,166.02,46.33,7285819.00,6920642.00,365177.00,5.00,32210.18,540967.00
1997,3,8.27,6979.01,6.79,5979.70,2.36,0.00,5.72,0.00,88.21,45.34,79.70,60.20,69.97,0.80,0.00,0.00,0.00,6.80,3.67,1.73,60.41,8.60,7.37,13.05,19.31,39.86,92.59,7304568.00,6941888.00,362680.00,5.00,32210.18,540967.00
1997,4,8.28,6854.48,6.79,6011.00,1.90,0.00,4.77,0.00,92.06,55.28,84.99,66.70,75.85,4.27,0.00,0.00,0.00,5.60,3.13,1.47,57.03,8.78,8.26,14.23,20.67,68.29,76.04,7328044.00,6968281.00,359763.00,4.90,32210.18,540967.00
1997,5,8.24,7276.72,6.82,6062.11,2.48,0.00,8.22,0.00,93.73,64.12,87.87,71.29,79.56,12.73,0.00,0.00,0.00,10.87,5.27,2.13,64.47,8.63,6.66,12.34,19.59,7.37,200.19,7352202.00,6995593.00,356609.00,4.90,32210.18,540967.00
1997,6,8.14,9264.94,6.65,6818.73,1.96,0.00,7.84,0.00,96.07,68.98,91.06,73.80,82.41,24.53,0.00,0.00,0.00,11.33,5.40,2.40,69.50,8.71,6.41,12.84,21.05,0.92,284.82,7373219.00,7020298.00,352921.00,4.80,32210.18,540967.00
1997,7,7.92,10520.80,6.48,7067.98,1.78,0.00,6.61,0.00,94.71,66.99,90.79,73.68,82.24,23.00,0.00,0.00,0.00,10.20,4.40,2.33,72.35,8.59,5.21,12.29,21.34,0.00,373.01,7389856.00,7041089.00,348767.00,4.70,32210.18,540967.00
1997,8,8.04,10641.44,6.60,7060.89,2.32,0.00,6.60,0.00,93.73,65.79,89.05,71.61,80.32,14.13,0.00,0.00,0.00,8.93,4.07,1.73,71.70,8.42,5.18,11.58,20.37,0.00,371.32,7402437.00,7057706.00,344731.00,4.70,32210.18,540967.00
1997,9,8.06,10585.82,6.56,7229.01,1.63,0.00,3.98,0.00,90.13,48.45,82.64,64.53,73.58,2.67,0.00,0.00,0.00,5.80,2.60,1.27,69.95,8.52,5.65,11.32,18.94,0.00,312.99,7412552.00,7071342.00,341210.00,4.60,32210.18,540967.00
1997,10,7.88,9575.23,6.33,6986.75,2.37,0.00,4.77,0.00,84.39,41.82,74.80,56.19,65.49,0.07,0.00,0.00,0.60,4.87,2.73,1.53,62.56,8.72,6.76,12.24,19.17,51.58,164.35,7422039.00,7083040.00,338999.00,4.60,32210.18,540967.00
1997,11,7.98,7379.34,6.40,6270.95,2.23,0.00,7.36,0.00,82.27,36.74,69.01,52.09,60.55,0.07,0.00,0.00,2.07,9.00,4.20,2.47,55.85,8.59,6.38,11.57,18.81,180.44,43.82,7431207.00,7093227.00,337980.00,4.50,32210.18,540967.00
1997,12,7.93,7342.00,6.37,6095.60,2.03,0.00,4.71,0.00,81.00,37.53,71.07,53.12,62.10,0.00,0.00,0.00,1.67,6.07,2.40,1.27,51.84,8.34,6.75,12.42,19.77,321.80,26.40,7440960.00,7103528.00,337432.00,4.50,32210.18,540967.00
1998,1,7.89,7678.60,6.40,5688.59,2.82,0.00,7.85,0.00,81.78,39.49,71.01,52.28,61.65,0.00,0.00,0.00,0.40,8.13,4.73,2.60,53.00,8.73,7.10,12.76,20.07,275.41,21.45,7451486.00,7114967.00,336519.00,4.50,33837.24,567440.00
1998,2,7.94,6760.79,6.51,5279.15,2.58,0.00,5.06,0.00,84.66,36.92,72.99,53.47,63.24,0.00,0.00,0.00,1.47,5.07,2.87,1.33,51.45,8.58,8.71,15.39,23.32,256.68,15.91,7462792.00,7128094.00,334698.00,4.50,33837.24,567440.00
1998,3,7.94,6626.55,6.47,5370.98,0.74,0.00,1.18,0.00,87.27,48.54,80.50,61.39,70.94,0.27,0.00,0.00,0.00,1.87,0.87,0.33,51.10,9.12,8.40,14.35,20.67,238.60,34.86,7473723.00,7141713.00,332010.00,4.40,33837.24,567440.00
1998,4,7.98,6615.17,6.55,5729.61,1.14,0.00,2.33,0.00,94.78,58.15,88.58,67.93,78.26,13.67,0.00,0.00,0.00,3.53,1.40,0.67,58.59,8.78,8.31,14.24,20.45,56.50,93.64,7484364.00,7155723.00,328641.00,4.40,33837.24,567440.00
1998,5,7.91,7222.64,6.45,6195.51,1.27,0.00,2.67,0.00,99.07,68.32,94.49,74.85,84.67,26.00,0.00,0.00,0.00,3.75,2.00,0.75,66.01,7.72,6.30,12.46,19.52,0.72,255.32,7496089.00,7170483.00,325606.00,4.30,33837.24,567440.00
1998,6,7.81,10082.00,6.33,6985.64,2.11,0.00,8.08,0.00,98.50,71.45,92.26,75.63,83.92,24.88,0.00,0.00,0.00,11.00,5.19,2.44,71.67,8.24,6.62,12.85,20.65,0.00,424.73,7509547.00,7185740.00,323807.00,4.30,33837.24,567440.00
1998,7,7.81,11005.88,6.28,7333.15,1.74,0.00,6.49,0.00,95.70,70.81,91.47,75.22,83.33,23.81,0.00,0.00,0.00,10.25,4.13,2.19,73.51,8.08,5.61,12.66,21.37,0.00,412.47,7524288.00,7201435.00,322853.00,4.30,33837.24,567440.00
1998,8,7.83,10735.41,6.29,7216.79,3.76,0.00,12.13,0.00,93.72,68.44,87.46,74.50,80.96,9.69,0.00,0.00,0.00,12.56,6.50,3.75,73.12,8.65,5.35,11.85,20.67,0.00,386.59,7540531.00,7219059.00,321472.00,4.30,33837.24,567440.00
1998,9,7.85,10436.90,6.30,7124.83,0.95,0.00,2.07,0.00,91.05,56.31,85.12,67.99,76.55,4.19,0.00,0.00,0.00,3.69,1.19,0.69,72.39,8.44,7.23,13.59,22.69,0.04,306.55,7558225.00,7238895.00,319330.00,4.20,33837.24,567440.00
1998,10,7.88,9594.51,6.35,6944.64,2.50,0.00,3.90,0.00,85.44,40.49,79.21,61.17,70.17,0.00,0.19,0.25,0.50,3.06,1.69,1.06,65.40,8.75,6.43,11.64,19.45,17.03,209.97,7576025.00,7259808.00,316217.00,4.20,33837.24,567440.00
1998,11,8.00,7539.11,6.41,6597.69,0.88,0.00,2.01,0.00,83.23,40.07,75.31,57.72,66.53,0.06,0.00,0.00,1.13,5.13,1.00,0.50,62.15,8.16,5.41,10.48,18.63,65.14,81.04,7591438.00,7278820.00,312618.00,4.10,33837.24,567440.00
1998,12,7.98,7286.10,6.34,6443.45,1.82,0.00,4.25,0.00,81.82,30.50,73.04,52.37,62.70,0.00,0.00,0.00,2.75,5.69,3.19,1.31,57.79,8.21,6.09,11.31,18.51,172.09,47.56,7602838.00,7293164.00,309674.00,4.10,33837.24,567440.00
1999,1,7.90,8085.53,6.51,5932.20,0.53,0.00,1.02,0.00,82.66,38.48,74.54,53.25,63.88,0.00,0.00,0.00,1.07,2.47,0.67,0.07,53.32,8.60,6.79,12.56,19.55,255.01,22.62,7610342.00,7302989.00,307353.00,4.00,34397.80,592557.00
1999,2,8.10,6594.10,6.61,5540.09,0.81,0.00,1.41,0.00,83.73,40.10,75.96,52.52,64.26,0.00,0.00,0.00,0.41,2.29,1.06,0.47,51.85,8.48,6.52,12.45,18.87,206.71,13.68,7616221.00,7310682.00,305539.00,4.00,34397.80,592557.00
1999,3,8.10,6517.18,6.61,5418.70,0.77,0.00,1.28,0.00,92.51,47.73,83.89,63.30,73.61,5.41,0.00,0.00,0.06,2.71,0.82,0.29,50.50,8.72,7.15,13.33,19.28,190.78,14.67,7623032.00,7319047.00,303985.00,4.00,34397.80,592557.00
1999,4,7.80,7142.07,6.41,5972.37,1.52,0.00,3.78,0.00,91.79,52.12,85.60,65.82,75.71,4.94,0.00,0.00,0.00,5.41,2.59,0.88,61.00,8.16,6.95,13.11,19.33,37.87,133.65,7631711.00,7329359.00,302352.00,4.00,34397.80,592557.00
1999,5,7.70,7878.50,6.21,6380.17,2.65,0.00,10.12,0.00,92.42,67.83,87.21,72.17,79.67,6.06,0.00,0.00,0.00,13.24,6.35,2.94,63.55,8.58,6.54,13.23,20.27,16.42,179.71,7641236.00,7340879.00,300357.00,3.90,34397.80,592557.00
1999,6,7.60,9203.49,6.11,6733.41,1.58,0.00,5.17,0.00,96.82,70.00,90.72,74.60,82.66,20.29,0.00,0.00,0.00,8.71,3.24,1.47,70.22,8.42,5.80,12.78,20.69,0.00,270.96,7651115.00,7352825.00,298290.00,3.90,34397.80,592557.00
1999,7,7.60,10024.01,6.01,7010.50,1.76,0.00,7.51,0.00,97.23,70.77,91.55,75.10,83.31,23.24,0.00,0.00,0.00,10.65,5.53,2.65,71.92,8.48,5.40,11.93,20.04,0.00,377.14,7660408.00,7363877.00,296531.00,3.90,34397.80,592557.00
1999,8,7.60,11557.22,6.01,7452.86,2.19,0.00,7.39,0.00,94.53,63.65,88.02,71.96,80.01,12.76,0.00,0.00,0.00,10.00,4.53,2.35,73.24,8.32,5.31,12.65,20.91,0.00,386.58,7669576.00,7374638.00,294938.00,3.80,34397.80,592557.00
1999,9,7.60,10893.51,6.01,7359.55,2.92,0.00,7.32,0.00,88.73,46.77,82.89,67.00,74.95,1.24,0.00,0.06,0.12,6.82,3.29,1.94,68.99,8.34,6.37,12.50,20.33,1.52,280.53,7680799.00,7387645.00,293154.00,3.80,34397.80,592557.00
1999,10,7.60,9262.42,6.11,6758.95,1.24,0.00,2.04,0.00,82.75,45.51,77.34,58.18,67.77,0.00,0.00,0.00,0.18,3.35,1.29,0.41,64.91,8.60,7.55,12.97,20.21,38.86,166.81,7696165.00,7405074.00,291091.00,3.80,34397.80,592557.00
1999,11,7.80,7303.19,6.21,6201.31,0.89,0.00,2.01,0.00,83.30,34.88,71.32,51.81,61.55,0.06,0.00,0.00,2.12,3.88,1.18,0.47,56.62,8.60,6.96,12.27,19.46,125.21,36.72,7717460.00,7428658.00,288802.00,3.70,34397.80,592557.00
1999,12,7.70,7122.43,6.11,6149.92,0.72,0.00,1.75,0.00,81.49,31.18,70.84,50.29,60.58,0.00,0.00,0.00,2.47,3.82,1.29,0.18,51.50,8.68,6.05,11.32,18.24,289.70,15.28,7742910.00,7456430.00,286480.00,3.70,34397.80,592557.00
2000,1,7.55,7808.14,6.13,5685.90,0.56,NA,0.86,0.00,82.85,34.70,73.28,51.11,62.20,0.00,0.00,0.00,1.63,2.06,0.63,0.06,49.67,8.37,6.91,12.78,20.02,314.98,9.25,7768931.00,7483907.00,285024.00,3.70,35603.10,616483.00
2000,2,7.56,8052.10,6.22,5537.52,1.20,NA,2.65,0.00,88.32,47.10,79.92,58.97,69.45,0.41,0.00,0.00,0.12,3.94,1.47,0.65,50.60,8.47,6.54,12.08,18.51,242.75,11.29,7791292.00,7506328.00,284964.00,3.70,35603.10,616483.00
2000,3,7.71,6485.75,6.15,5694.16,1.11,0.00,1.95,0.00,88.24,44.94,80.72,58.92,69.82,0.59,0.00,0.00,0.00,2.94,1.35,0.65,57.51,8.55,7.27,13.40,19.66,81.32,45.08,7808836.00,7522412.00,286424.00,3.70,35603.10,616483.00
2000,4,7.70,6572.14,6.15,5885.69,0.51,0.00,0.90,0.00,95.80,58.18,88.05,68.10,78.06,11.29,0.00,0.00,0.00,1.76,0.59,0.24,56.61,8.64,7.76,14.04,20.31,69.62,63.10,7822574.00,7533265.00,289309.00,3.70,35603.10,616483.00
2000,5,7.65,7474.20,6.15,6256.95,1.72,0.00,5.41,0.00,96.06,65.73,90.06,72.13,81.12,16.06,0.00,0.00,0.00,9.00,3.88,1.24,64.59,8.80,7.26,13.06,18.44,1.62,242.95,7834472.00,7541773.00,292699.00,3.70,35603.10,616483.00
2000,6,7.57,9914.88,5.98,7037.99,2.04,0.00,6.31,0.00,97.21,69.19,91.56,74.17,82.86,21.12,0.00,0.00,0.00,8.29,3.82,2.18,69.44,8.72,6.55,13.70,20.46,0.28,307.50,7845741.00,7550349.00,295392.00,3.80,35603.10,616483.00
2000,7,7.89,10658.98,6.32,7276.82,1.63,0.00,5.87,0.00,95.75,69.29,91.08,73.96,82.52,23.29,0.00,0.00,0.00,9.82,3.94,1.76,71.76,8.19,5.89,13.66,22.54,0.00,364.62,7858035.00,7561683.00,296352.00,3.80,35603.10,616483.00
2000,8,7.91,10622.87,6.35,7302.43,2.77,0.00,8.69,0.00,92.78,65.84,87.95,73.09,80.50,11.65,0.00,0.00,0.00,9.76,5.59,2.94,71.68,8.46,5.57,12.45,21.10,0.00,358.68,7873862.00,7578167.00,295695.00,3.80,35603.10,616483.00
2000,9,7.90,10375.23,6.30,7280.00,1.95,0.00,3.30,0.00,90.70,50.77,82.60,62.77,72.69,1.53,0.00,0.00,0.06,2.88,1.29,0.65,71.33,8.62,6.30,12.38,20.30,1.87,298.26,7893675.00,7599576.00,294099.00,3.70,35603.10,616483.00
2000,10,7.95,8598.06,6.42,6653.91,1.28,0.00,2.27,0.00,85.80,37.34,75.88,55.32,65.60,0.24,0.00,0.00,0.82,3.35,1.18,0.53,60.77,8.29,6.99,12.42,19.67,41.57,111.62,7917898.00,7624969.00,292929.00,3.70,35603.10,616483.00
2000,11,8.00,6938.38,6.44,6165.88,1.29,0.00,2.30,0.00,83.17,26.89,69.13,48.86,58.98,0.00,0.00,0.00,5.00,2.88,0.94,0.41,54.95,8.46,6.34,11.61,18.61,182.14,44.48,7945609.00,7651367.00,294242.00,3.70,35603.10,616483.00
2000,12,7.79,8082.93,6.41,6132.76,0.53,0.00,1.07,0.00,81.16,29.58,67.03,44.04,55.52,0.00,0.00,0.00,6.00,2.71,0.59,0.06,48.85,8.44,7.37,12.83,19.99,375.93,19.80,7974373.00,7675100.00,299273.00,3.80,35603.10,616483.00
2001,1,8.14,10479.22,6.84,6022.68,0.41,0.00,0.70,0.00,86.13,38.65,76.29,57.00,66.63,0.18,0.00,0.00,0.35,1.94,0.24,0.12,43.93,8.54,6.64,12.22,19.20,475.25,4.76,8001068.00,7693610.00,307458.00,3.80,36080.93,633726.00
2001,2,8.29,7907.82,7.03,5588.28,2.74,0.00,6.87,0.00,86.72,41.12,75.66,56.35,66.01,0.53,0.00,0.00,0.12,7.41,4.12,2.06,56.74,7.84,6.62,12.04,18.19,146.94,33.74,8022720.00,7705646.00,317074.00,4.00,36080.93,633726.00
2001,3,8.51,6807.83,7.06,5683.26,0.59,0.00,0.93,0.00,89.34,45.83,81.55,61.05,71.28,1.41,0.00,0.00,0.00,1.94,0.71,0.24,53.90,8.34,8.10,14.49,21.23,187.58,42.90,8036961.00,7710633.00,326328.00,4.10,36080.93,633726.00
2001,4,8.84,6933.60,7.44,5851.64,1.25,0.00,3.08,0.00,92.50,57.81,85.72,65.48,75.61,6.59,0.00,0.00,0.00,4.06,2.00,0.94,58.34,8.80,7.64,13.36,19.40,48.41,89.32,8043380.00,7709563.00,333817.00,4.20,36080.93,633726.00
2001,5,8.93,7010.05,7.42,6105.23,2.37,0.00,8.40,0.00,94.34,66.41,89.19,72.01,80.60,14.35,0.00,0.00,0.00,11.53,5.65,2.71,63.02,8.57,7.57,13.34,19.60,2.11,176.96,8046042.00,7706008.00,340034.00,4.20,36080.93,633726.00
2001,6,8.20,9195.43,6.54,6946.28,2.35,0.00,9.10,0.00,94.33,69.64,89.54,74.04,81.78,16.29,0.00,0.00,0.00,12.12,5.76,2.88,70.19,8.56,6.42,13.46,21.86,0.00,303.89,8049161.00,7702393.00,346768.00,4.30,36080.93,633726.00
2001,7,8.76,10136.66,7.11,7253.62,2.31,0.00,6.23,0.00,94.28,68.91,90.19,74.15,82.18,20.24,0.00,0.00,0.00,7.59,3.76,1.94,72.28,8.63,6.47,13.04,21.08,0.00,340.52,8056336.00,7700150.00,356186.00,4.40,36080.93,633726.00
2001,8,8.77,10291.36,7.22,7192.82,4.05,0.00,13.25,0.00,92.69,61.23,86.04,70.96,78.50,7.59,0.00,0.00,0.00,11.41,6.82,3.82,72.36,8.64,5.87,11.67,20.30,0.00,355.33,8066516.00,7697270.00,369246.00,4.60,36080.93,633726.00
2001,9,8.82,10539.78,7.25,7336.77,1.58,0.00,4.41,0.00,89.30,48.81,82.07,65.20,73.64,1.41,0.00,0.00,0.00,5.35,2.65,1.41,69.18,8.77,6.35,12.15,20.97,6.29,236.73,8078202.00,7693409.00,384793.00,4.80,36080.93,633726.00
2001,10,8.70,8065.38,7.13,6526.95,1.06,0.00,1.81,0.00,84.06,50.37,78.63,60.20,69.39,0.00,0.00,0.00,0.00,2.65,1.12,0.53,61.74,9.16,8.03,13.29,20.22,58.89,147.17,8046618.00,7579285.00,467333.00,5.80,36080.93,633726.00
2001,11,8.70,7044.49,7.05,6170.08,0.81,0.00,1.65,0.00,83.10,37.18,74.90,57.14,66.02,0.00,0.00,0.00,1.29,3.29,0.82,0.29,59.12,8.65,7.26,12.07,19.18,78.26,44.17,8056051.00,7576796.00,479255.00,5.90,36080.93,633726.00
2001,12,8.58,7172.04,6.94,6232.41,1.06,0.00,2.52,0.00,83.11,30.59,71.23,51.56,61.40,0.00,0.00,0.00,2.76,4.53,1.82,0.47,56.25,8.79,6.50,11.15,18.33,192.56,47.80,8063623.00,7577994.00,485629.00,6.00,36080.93,633726.00
2002,1,8.38,8615.63,6.96,5917.34,1.60,0.00,3.17,0.00,82.39,33.49,71.50,51.09,61.28,0.00,0.00,0.00,0.94,4.06,2.24,0.82,52.67,8.23,6.60,11.69,19.06,310.41,24.75,8070320.00,7584197.00,486123.00,6.00,36136.86,658732.00
2002,2,8.57,6895.21,7.10,5587.85,1.18,0.00,2.31,0.00,87.04,36.07,78.74,57.54,68.15,0.35,0.00,0.00,1.00,3.29,1.47,0.53,49.49,8.74,7.47,13.48,19.03,266.30,11.37,8076773.00,7594728.00,482045.00,6.00,36136.86,658732.00
2002,3,8.53,6832.63,7.14,5466.70,1.39,0.00,2.20,0.00,90.44,54.92,83.97,65.56,74.77,3.06,0.00,0.00,0.00,3.41,1.06,0.59,56.96,8.77,8.37,14.65,19.55,131.43,67.56,8083376.00,7607637.00,475739.00,5.90,36136.86,658732.00
2002,4,8.44,6958.75,6.90,5941.45,1.52,0.00,3.17,0.00,93.89,59.33,87.36,68.23,77.78,10.06,0.00,0.00,0.00,3.88,2.06,0.94,63.17,8.76,7.40,13.46,18.87,15.12,147.12,8092446.00,7623268.00,469178.00,5.80,36136.86,658732.00
2002,5,8.10,8275.56,6.59,6549.12,2.33,0.00,10.31,0.00,95.69,67.54,87.96,72.39,80.14,9.94,0.00,0.00,0.00,12.59,6.76,3.53,65.24,9.00,8.59,14.82,19.59,8.25,239.91,8104677.00,7641177.00,463500.00,5.70,36136.86,658732.00
2002,6,7.61,8976.44,6.00,6754.25,1.87,0.00,8.11,0.00,96.11,69.67,89.91,73.94,81.90,17.65,0.00,0.00,0.00,12.59,6.12,2.41,71.05,8.78,6.40,13.42,20.28,0.00,281.57,8119064.00,7660715.00,458349.00,5.60,36136.86,658732.00
2002,7,8.07,9632.27,6.44,7057.86,1.93,0.00,8.17,0.00,94.45,67.78,89.88,73.74,81.81,17.59,0.00,0.00,0.00,12.06,5.59,2.71,72.75,8.73,5.19,12.39,20.16,0.00,349.00,8133037.00,7679431.00,453606.00,5.60,36136.86,658732.00
2002,8,8.09,10462.94,6.51,7182.14,2.21,0.00,7.23,0.00,93.40,69.20,89.20,74.51,81.85,13.88,0.00,0.00,0.00,10.29,4.35,2.18,72.25,8.99,5.60,12.40,19.65,0.00,340.44,8144483.00,7695145.00,449338.00,5.50,36136.86,658732.00
2002,9,8.09,10201.80,6.50,7211.89,1.13,0.00,2.91,0.00,91.66,57.64,85.91,69.76,77.83,5.44,0.00,0.00,0.00,5.25,2.06,0.69,73.14,8.95,6.84,12.83,19.40,0.00,334.14,8152587.00,7706489.00,446098.00,5.50,36136.86,658732.00
2002,10,8.14,9235.98,6.58,6865.37,1.66,0.00,3.07,0.00,88.44,38.85,76.03,55.57,65.78,0.63,0.00,0.00,0.69,4.25,1.88,1.00,68.62,8.73,5.66,10.95,16.67,13.31,234.89,8156106.00,7712234.00,443872.00,5.40,36136.86,658732.00
2002,11,8.21,7833.48,6.61,6418.00,2.53,0.00,7.54,0.00,80.99,37.75,70.24,50.26,60.26,0.00,0.00,0.00,1.56,7.56,4.31,2.63,55.11,9.05,6.46,11.83,18.05,197.45,52.96,8157225.00,7715098.00,442127.00,5.40,36136.86,658732.00
2002,12,7.92,7662.98,6.61,5958.05,0.56,0.00,0.81,0.00,77.81,27.37,66.02,43.27,54.65,0.00,0.00,0.00,5.00,1.25,0.38,0.25,50.56,8.80,6.82,12.37,18.67,334.41,20.33,8158210.00,7717879.00,440331.00,5.40,36136.86,658732.00
2003,1,8.09,8855.47,6.82,5743.23,1.05,0.00,3.30,0.00,83.29,41.01,73.47,52.95,63.21,0.00,0.00,0.00,0.24,5.18,2.53,0.82,42.34,9.21,6.96,12.55,18.45,490.06,2.62,8162164.00,7723128.00,439036.00,5.40,36458.15,686575.00
2003,2,7.99,8370.91,6.86,5550.37,2.05,0.00,6.31,0.00,88.18,45.06,80.07,62.60,71.35,2.24,0.00,0.00,0.00,8.00,4.00,2.12,53.73,8.55,6.81,12.64,18.48,227.18,22.89,8170535.00,7732013.00,438522.00,5.40,36458.15,686575.00
2003,3,8.21,7073.85,6.91,5824.63,1.55,0.00,2.96,0.00,88.01,43.73,80.57,61.09,70.85,0.29,0.00,0.00,0.12,3.41,2.00,1.29,62.19,8.01,6.58,12.89,19.40,79.82,98.80,8181643.00,7742819.00,438824.00,5.40,36458.15,686575.00
2003,4,8.87,6838.94,7.04,5877.80,2.13,0.00,5.15,0.00,92.27,63.94,87.69,70.40,79.06,9.00,0.00,0.00,0.00,5.76,3.06,1.53,59.68,8.89,6.99,12.89,18.54,62.76,85.47,8191778.00,7751755.00,440023.00,5.40,36458.15,686575.00
2003,5,8.56,7802.79,7.16,6344.29,2.35,0.00,10.06,0.00,92.46,64.76,88.12,73.11,80.62,9.41,0.00,NA,0.06,13.24,6.76,3.47,68.35,8.83,6.47,12.28,18.03,0.03,273.60,8198409.00,7756964.00,441445.00,5.40,36458.15,686575.00
2003,6,8.51,9088.80,7.04,6860.54,1.92,0.00,6.37,0.00,93.91,70.13,89.70,74.30,82.00,17.12,0.00,0.00,0.00,11.12,3.76,1.59,71.60,8.66,6.06,12.87,20.08,0.00,304.72,8203293.00,7761567.00,441726.00,5.40,36458.15,686575.00
2003,7,8.49,10067.79,6.91,7190.53,1.94,0.00,9.43,0.00,93.04,70.95,89.04,74.18,81.62,12.94,0.00,0.00,0.00,14.18,6.71,3.00,72.58,8.95,5.50,12.62,20.22,0.00,347.80,8208618.00,7769611.00,439007.00,5.30,36458.15,686575.00
2003,8,8.72,10072.22,7.23,7198.36,2.27,0.00,7.65,0.00,92.23,66.24,87.76,72.29,80.03,8.88,0.00,0.00,0.00,9.76,4.71,2.18,73.22,8.89,5.46,12.89,20.50,0.00,334.35,8216447.00,7783875.00,432572.00,5.30,36458.15,686575.00
2003,9,8.74,9981.04,7.25,7226.62,1.34,0.00,2.83,0.00,89.21,57.17,83.83,67.03,75.40,1.94,0.00,0.00,0.00,4.12,2.18,0.71,70.59,8.73,5.95,11.99,18.68,1.56,279.79,8228756.00,7805597.00,423159.00,5.10,36458.15,686575.00
2003,10,8.88,8366.38,7.46,6632.82,1.68,0.00,3.39,0.00,86.84,41.67,79.64,61.10,70.46,0.12,0.06,0.00,0.41,4.53,1.82,0.76,65.47,8.72,6.19,11.51,17.28,17.23,174.09,8246850.00,7833662.00,413188.00,5.00,36458.15,686575.00
2003,11,8.98,7304.12,7.44,6306.29,1.22,0.00,2.11,0.00,79.48,34.24,69.38,47.68,58.51,0.00,0.00,0.00,2.24,3.12,1.41,0.59,60.25,8.96,7.35,12.96,19.64,95.43,97.81,8270027.00,7864890.00,405137.00,4.90,36458.15,686575.00
2003,12,8.65,7761.34,7.42,6154.55,1.17,0.00,2.42,0.00,81.34,34.94,69.94,48.01,58.96,0.00,0.00,0.00,3.06,4.00,1.88,0.76,48.33,9.11,6.92,12.69,18.89,355.16,8.11,8295503.00,7895349.00,400154.00,4.80,36458.15,686575.00
2004,1,8.80,8617.01,7.57,5837.22,2.00,0.00,4.87,0.00,82.70,36.45,71.01,52.40,61.69,0.00,0.00,0.00,0.59,5.59,2.82,2.06,48.39,8.65,6.44,11.89,18.22,364.24,9.19,8320202.00,7922139.00,398063.00,4.80,37950.05,725025.00
2004,2,8.84,7636.88,7.73,5534.39,0.84,0.00,1.15,0.00,85.18,43.82,77.56,56.98,67.27,0.00,0.00,0.00,0.24,1.76,0.76,0.35,52.01,8.23,7.48,13.19,19.29,278.55,19.93,8343056.00,7945130.00,397926.00,4.80,37950.05,725025.00
2004,3,8.94,6950.61,7.67,5762.96,1.13,0.00,2.32,0.00,87.88,46.82,79.88,58.58,69.23,0.29,0.00,0.00,0.00,3.76,1.76,0.65,54.21,8.93,7.87,13.89,19.87,120.10,34.00,8365540.00,7967191.00,398349.00,4.80,37950.05,725025.00
2004,4,9.91,6351.98,7.68,5750.86,1.00,0.00,1.73,0.00,94.16,56.59,86.68,67.90,77.31,7.41,0.00,0.00,0.00,3.06,1.18,0.35,55.65,8.94,7.65,13.91,19.76,83.48,62.76,8387772.00,7990041.00,397731.00,4.70,37950.05,725025.00
2004,5,8.95,7459.06,7.59,6322.27,2.15,0.00,7.48,0.00,95.40,68.70,90.83,73.55,82.18,21.82,0.00,0.00,0.00,10.47,4.65,2.59,64.80,9.09,7.68,13.23,18.61,5.70,225.46,8409777.00,8013924.00,395853.00,4.70,37950.05,725025.00
2004,6,8.86,9938.63,7.53,6954.98,2.31,0.00,7.53,0.00,95.79,69.78,90.82,74.26,82.53,22.53,0.06,0.00,0.00,10.94,4.71,2.24,71.60,9.08,5.87,13.31,20.78,0.02,342.72,8431799.00,8038543.00,393256.00,4.70,37950.05,725025.00
2004,7,8.93,10969.15,7.42,7388.21,2.65,0.00,11.26,0.00,94.10,70.09,89.88,74.49,82.18,18.71,0.00,0.00,0.00,13.59,7.53,3.76,72.18,8.67,5.24,12.16,19.82,0.00,373.78,8454515.00,8063806.00,390709.00,4.60,37950.05,725025.00
2004,8,8.93,10181.57,7.49,7116.82,4.30,0.00,13.24,0.00,92.82,69.00,87.58,74.36,80.96,9.29,0.00,0.00,0.00,10.76,5.53,3.53,72.64,8.75,5.32,12.49,20.58,0.00,350.46,8478220.00,8089798.00,388422.00,4.60,37950.05,725025.00
2004,9,8.99,9558.10,7.60,6765.18,1.17,0.00,2.68,0.00,90.09,54.56,84.10,67.61,75.89,1.76,0.00,0.00,0.00,5.06,1.71,0.59,71.27,8.69,9.56,15.91,23.37,0.05,306.59,8501703.00,8115695.00,386008.00,4.50,37950.05,725025.00
2004,10,9.00,8822.33,7.64,6669.40,0.89,0.00,2.10,0.00,86.54,46.92,78.59,60.11,69.36,0.18,0.00,0.00,0.00,4.00,1.35,0.35,65.81,8.62,6.13,11.58,18.09,9.57,183.99,8523771.00,8140931.00,382840.00,4.50,37950.05,725025.00
2004,11,9.12,7321.91,7.61,6346.71,1.23,0.00,2.32,0.00,82.34,34.77,69.86,50.39,60.14,0.00,0.00,0.00,2.00,3.35,1.29,0.76,59.13,9.08,6.98,12.42,18.92,89.54,69.02,8544149.00,8166083.00,378066.00,4.40,37950.05,725025.00
2004,12,8.87,7776.42,7.83,6461.04,1.23,0.00,1.82,0.00,81.18,32.24,71.46,52.16,61.78,0.00,0.00,0.00,2.00,2.65,1.18,0.53,49.93,8.94,7.14,12.75,19.55,323.57,21.67,8564423.00,8192716.00,371707.00,4.30,37950.05,725025.00
2005,1,9.21,8226.31,7.92,5845.42,1.42,0.00,2.32,0.00,81.11,38.46,72.61,52.71,62.65,0.00,0.00,0.00,0.47,3.24,1.29,0.71,51.98,8.54,7.22,12.79,19.13,278.68,15.62,8585801.00,8222071.00,363730.00,4.20,39338.10,773322.00
2005,2,9.38,7352.63,8.08,5512.91,2.23,0.00,5.47,0.00,86.65,41.00,74.34,55.01,64.69,0.29,0.00,0.00,0.35,7.47,3.35,1.76,51.69,8.42,7.11,12.80,18.67,225.12,8.86,8608744.00,8254312.00,354432.00,4.10,39338.10,773322.00
2005,3,9.55,6920.88,8.19,5651.48,1.89,0.00,4.89,0.00,86.48,47.16,78.74,57.76,68.24,0.06,0.00,0.00,0.00,5.12,2.41,1.59,52.99,8.47,7.40,13.85,20.56,204.70,40.09,8634203.00,8289886.00,344317.00,4.00,39338.10,773322.00
2005,4,9.66,6570.27,8.19,5822.66,1.66,0.00,4.35,NA,92.81,56.92,84.44,66.49,75.48,4.59,0.00,0.00,0.00,6.29,3.24,1.47,54.68,9.16,8.04,14.49,20.18,81.96,45.76,8663272.00,8329149.00,334123.00,3.90,39338.10,773322.00
2005,5,9.64,7002.83,8.18,6149.53,2.89,0.00,12.62,0.00,93.21,68.77,87.34,73.33,80.35,7.82,0.00,0.00,0.00,15.00,8.53,4.18,63.81,8.72,6.53,12.59,18.80,10.94,178.86,8695190.00,8371173.00,324017.00,3.70,39338.10,773322.00
2005,6,9.56,9084.64,8.07,6758.87,1.98,0.00,5.97,0.00,96.43,71.59,91.45,76.36,83.92,24.12,0.00,0.00,0.00,9.00,3.82,1.53,71.55,8.68,6.40,13.23,20.87,0.00,298.68,8726824.00,8411709.00,315115.00,3.60,39338.10,773322.00
2005,7,9.58,10732.04,7.99,7421.56,2.05,0.00,7.23,0.00,95.72,71.83,91.80,76.25,84.04,26.35,0.00,0.00,0.00,11.41,4.29,1.88,73.45,8.70,6.26,12.66,20.80,0.06,410.84,8754904.00,8446384.00,308520.00,3.50,39338.10,773322.00
2005,8,9.66,11103.16,8.12,7365.56,1.81,0.00,5.37,0.00,94.75,68.74,90.02,73.90,81.93,17.94,0.00,0.00,0.00,6.88,3.59,1.65,73.54,8.72,5.42,12.32,21.09,0.00,408.01,8777740.00,8473795.00,303945.00,3.50,39338.10,773322.00
2005,9,9.69,10949.65,8.14,7443.75,1.80,0.00,5.68,0.00,91.17,47.33,83.55,67.16,75.36,3.88,0.00,0.00,0.00,7.88,3.41,1.82,70.49,8.39,6.68,12.40,19.19,0.02,338.95,8795704.00,8495150.00,300554.00,3.40,39338.10,773322.00
2005,10,9.80,9170.14,8.27,6875.16,1.23,0.00,2.89,0.00,85.85,43.94,78.72,60.22,69.45,0.12,0.00,0.00,0.12,4.06,2.06,0.94,63.57,8.65,7.30,12.80,19.74,56.35,194.12,8810656.00,8513684.00,296972.00,3.40,39338.10,773322.00
2005,11,9.91,6899.11,8.46,5960.60,1.35,0.00,2.72,0.00,80.36,38.06,69.70,50.03,59.86,0.00,0.00,0.00,0.88,4.59,1.29,0.71,58.52,8.77,7.06,12.35,18.72,91.54,65.64,8824665.00,8531999.00,292666.00,3.30,39338.10,773322.00
2005,12,9.81,7572.01,8.31,6102.52,0.96,0.00,1.54,0.00,82.15,35.41,72.89,52.63,62.76,0.00,0.00,0.00,0.94,2.76,0.59,0.29,49.16,8.81,6.73,12.07,18.33,326.97,12.15,8839363.00,8551488.00,287875.00,3.30,39338.10,773322.00
2006,1,11.04,8070.41,9.71,5822.80,2.23,0.00,3.82,0.00,82.95,31.13,71.13,49.29,60.22,0.00,0.00,0.00,1.94,4.06,2.18,1.29,51.36,8.74,7.47,13.34,19.51,241.80,17.33,8857207.00,8573792.00,283415.00,3.20,40971.13,800215.00
2006,2,11.15,7030.70,10.00,5451.99,0.36,0.00,0.41,0.00,87.48,42.00,77.46,55.42,66.43,0.29,0.00,0.00,0.24,0.82,0.24,0.12,48.28,8.69,7.13,13.22,19.04,276.59,11.06,8879126.00,8598835.00,280291.00,3.20,40971.13,800215.00
2006,3,11.20,6707.48,9.98,5576.41,0.82,0.00,1.44,0.00,90.57,53.46,83.99,63.39,73.70,3.29,0.00,0.00,0.00,2.29,1.00,0.41,52.01,8.98,8.00,14.05,18.72,142.13,35.81,8904085.00,8624777.00,279308.00,3.10,40971.13,800215.00
2006,4,11.30,6891.36,9.96,5902.71,1.58,0.00,3.17,0.00,94.71,56.62,87.08,66.41,76.72,10.59,0.00,0.00,0.00,4.59,1.82,0.82,59.85,8.84,8.08,14.26,19.34,16.90,118.49,8930148.00,8649505.00,280643.00,3.10,40971.13,800215.00
2006,5,11.31,7961.80,9.91,6392.15,2.28,0.00,6.26,0.00,95.59,65.64,89.71,72.56,81.14,17.41,0.00,0.00,0.00,8.00,3.65,1.88,62.79,8.79,6.82,13.22,18.29,5.19,208.84,8956067.00,8672637.00,283430.00,3.20,40971.13,800215.00
2006,6,11.39,9699.61,9.90,6958.12,1.86,0.00,6.89,0.00,94.71,69.01,90.58,74.22,82.40,19.71,0.00,0.00,0.00,10.59,4.65,2.06,69.03,8.64,6.83,13.92,19.66,0.00,325.60,8980865.00,8694097.00,286768.00,3.20,40971.13,800215.00
2006,7,11.40,10531.15,9.85,7198.20,2.03,0.00,7.07,0.00,96.38,70.38,91.42,74.95,83.19,23.94,0.00,0.00,0.00,10.35,4.88,2.00,71.48,9.07,5.99,13.47,19.83,0.00,371.81,9005742.00,8715851.00,289891.00,3.20,40971.13,800215.00
2006,8,11.47,11106.77,9.95,7340.23,2.31,0.00,7.51,0.00,93.04,63.06,88.80,72.08,80.42,13.18,0.00,0.00,0.00,8.65,4.59,2.35,72.09,9.08,5.76,12.97,19.71,0.00,391.43,9031648.00,8738246.00,293402.00,3.20,40971.13,800215.00
2006,9,11.47,10297.72,9.90,7237.08,1.11,0.00,1.98,0.00,91.35,47.59,84.00,64.06,74.04,4.59,0.00,0.00,0.00,3.29,1.12,0.65,69.13,8.99,5.42,11.75,18.33,2.98,299.67,9057913.00,8760229.00,297684.00,3.30,40971.13,800215.00
2006,10,11.45,8668.23,9.96,6695.51,1.08,0.00,2.08,0.00,85.48,40.25,75.05,56.01,65.52,0.06,0.00,0.00,0.00,3.12,1.35,0.65,61.16,9.13,6.55,11.66,17.62,42.46,177.61,9083590.00,8781154.00,302436.00,3.30,40971.13,800215.00
2006,11,11.41,7215.60,9.95,6249.16,2.06,0.00,3.95,0.00,82.76,40.94,75.06,58.17,66.61,0.00,0.00,0.00,1.06,4.41,2.35,1.12,54.41,9.11,7.25,12.68,18.77,175.62,45.35,9106522.00,8798869.00,307653.00,3.40,40971.13,800215.00
2006,12,11.19,7402.83,9.86,6085.66,0.71,0.00,2.11,0.00,82.63,36.66,72.15,54.66,63.42,0.00,0.00,0.00,1.12,4.71,1.18,0.29,56.55,8.84,7.25,12.43,18.78,167.00,47.95,9124052.00,8810905.00,313147.00,3.40,40971.13,800215.00
2007,1,11.06,7773.17,9.63,6180.64,1.56,0.00,2.66,0.00,83.61,32.72,70.76,49.62,60.19,0.00,0.00,0.00,1.76,3.82,1.41,0.71,52.72,9.13,7.05,12.46,18.46,240.48,37.64,9134930.00,8815739.00,319191.00,3.50,41137.50,803690.00
2007,2,10.99,7519.27,9.85,5493.30,0.81,0.00,1.42,0.00,86.94,41.84,78.31,57.53,67.94,0.12,0.00,0.00,0.35,2.71,0.82,0.35,47.95,8.99,6.90,12.80,19.00,284.63,13.65,9140493.00,8814183.00,326310.00,3.60,41137.50,803690.00
2007,3,11.16,6889.21,9.90,5588.23,1.04,0.00,2.08,0.00,90.27,45.00,80.36,59.12,69.74,1.35,0.00,0.00,0.06,3.88,1.29,0.53,53.72,9.13,7.76,13.57,19.20,117.93,43.02,9142170.00,8807636.00,334534.00,3.70,41137.50,803690.00
2007,4,11.23,6686.95,9.88,5795.50,0.73,0.00,1.73,0.00,91.52,55.87,85.70,65.85,75.78,5.18,0.00,0.00,0.00,3.06,1.35,0.41,54.71,9.32,7.65,13.63,19.50,78.15,79.07,9142003.00,8798066.00,343937.00,3.80,41137.50,803690.00
2007,5,11.18,7538.14,9.75,6213.31,2.35,0.00,7.35,0.00,96.11,64.93,89.22,71.92,80.56,14.47,0.00,0.00,0.00,8.82,4.29,2.24,61.23,8.70,8.03,14.07,20.26,3.04,180.93,9141715.00,8786829.00,354886.00,3.90,41137.50,803690.00
2007,6,11.23,8925.34,9.72,6670.16,2.43,0.00,8.85,0.00,95.36,70.23,91.10,74.70,82.92,24.00,0.00,0.00,0.00,12.06,5.76,3.06,69.64,9.15,6.29,13.18,20.40,0.07,299.96,9142613.00,8775500.00,367113.00,4.00,41137.50,803690.00
2007,7,11.29,10439.66,9.67,7054.37,2.00,0.00,5.35,0.00,97.19,71.89,92.44,75.97,84.23,26.71,0.00,0.00,0.00,7.47,3.18,1.82,71.84,9.33,5.01,12.42,20.16,0.00,374.99,9145503.00,8765230.00,380273.00,4.20,41137.50,803690.00
2007,8,11.28,11222.56,9.68,7310.01,1.95,0.00,6.54,0.00,93.92,68.23,89.38,73.35,81.34,16.41,0.00,0.00,0.00,10.17,4.50,1.89,72.87,9.04,5.13,11.60,18.85,0.00,421.87,9151161.00,8757015.00,394146.00,4.30,41137.50,803690.00
2007,9,11.30,10831.05,9.62,7363.32,2.43,0.00,6.87,0.00,91.18,61.23,85.04,70.75,77.88,4.41,0.00,0.00,0.00,9.56,4.39,1.83,71.06,9.40,6.12,12.97,19.95,0.00,318.04,9159913.00,8751836.00,408077.00,4.50,41137.50,803690.00
2007,10,11.31,9122.99,9.77,6833.87,0.79,0.00,1.37,0.00,83.76,43.10,76.99,56.89,66.96,0.00,0.00,0.00,0.47,2.50,0.94,0.39,67.53,9.39,7.63,13.17,20.02,19.52,239.63,9170550.00,8748573.00,421977.00,4.60,41137.50,803690.00
2007,11,11.34,7399.71,9.86,6309.39,0.96,0.00,1.88,0.00,83.51,39.57,76.00,56.99,66.50,0.00,0.00,0.00,0.59,3.22,0.89,0.44,55.42,9.31,6.38,11.64,18.15,141.07,44.01,9181161.00,8745698.00,435463.00,4.70,41137.50,803690.00
2007,12,11.19,7235.60,9.68,6097.92,1.13,0.00,2.88,0.00,80.76,30.41,70.16,50.59,60.37,0.00,0.00,0.00,2.47,5.39,2.00,0.72,57.23,8.74,5.76,11.08,17.84,169.07,43.94,9190512.00,8741669.00,448843.00,4.90,41137.50,803690.00
2008,1,11.05,8346.39,9.63,6191.09,2.03,0.00,4.51,0.00,84.01,37.65,75.40,54.45,64.93,0.00,0.00,0.00,1.18,5.56,2.67,1.17,49.49,9.05,7.06,12.97,19.80,314.12,13.40,9196485.00,8733489.00,462996.00,5.00,39992.22,770940.00
2008,2,10.96,7201.00,9.65,5740.19,1.68,0.00,3.78,0.00,86.37,41.77,76.41,56.27,66.34,0.12,0.00,0.00,0.24,5.33,2.50,1.39,53.49,9.13,6.57,12.75,19.54,189.45,34.92,9198724.00,8719858.00,478866.00,5.20,39992.22,770940.00
2008,3,11.16,6842.21,9.83,5737.72,1.71,0.00,3.06,0.00,87.73,45.48,80.73,61.04,70.91,0.12,0.00,0.00,0.00,3.89,1.94,1.11,53.79,9.29,7.65,13.86,20.68,154.44,36.22,9198990.00,8701011.00,497979.00,5.40,39992.22,770940.00
2008,4,11.31,6979.79,9.86,5921.83,0.96,0.00,1.81,0.00,94.30,56.53,87.18,67.78,77.48,9.29,0.00,0.00,0.00,3.33,1.22,0.44,57.69,9.45,7.13,13.37,19.95,59.35,76.83,9199382.00,8678489.00,520893.00,5.70,39992.22,770940.00
2008,5,11.40,7826.73,9.95,6333.88,1.90,0.00,6.87,0.00,94.87,68.20,90.36,72.79,81.57,18.06,0.00,0.00,0.00,10.17,4.83,2.00,63.84,9.40,7.54,13.63,19.79,2.99,224.32,9201544.00,8654457.00,547087.00,5.90,39992.22,770940.00
2008,6,11.58,10085.74,9.98,7073.46,1.93,0.00,8.55,0.00,94.15,68.94,89.82,73.77,81.82,16.82,0.00,0.00,0.00,11.94,6.33,3.00,69.85,9.41,5.53,13.40,20.82,0.08,316.62,9206175.00,8630845.00,575330.00,6.20,39992.22,770940.00
2008,7,11.75,10293.86,10.10,7064.96,3.60,0.00,10.77,0.00,95.24,69.95,89.59,74.96,82.26,17.18,0.00,0.00,0.00,12.22,5.33,2.89,71.37,9.30,4.88,12.44,20.50,0.00,335.00,9211717.00,8607303.00,604414.00,6.60,39992.22,770940.00
2008,8,12.11,10481.27,10.50,7061.54,1.49,0.00,3.88,0.00,92.64,63.03,88.48,73.44,80.95,11.53,0.00,0.00,0.00,6.39,2.50,1.00,72.35,9.14,6.59,13.58,22.31,0.00,351.32,9215703.00,8581875.00,633828.00,6.90,39992.22,770940.00
2008,9,12.08,10616.79,10.37,7290.64,1.71,0.00,4.52,0.00,89.95,43.31,82.42,64.83,73.64,1.53,0.00,0.00,0.12,6.28,3.11,1.50,69.97,9.52,6.99,12.61,19.74,0.80,303.43,9216123.00,8550909.00,665214.00,7.20,39992.22,770940.00
2008,10,12.09,8505.39,10.52,6553.44,0.86,0.00,1.42,0.00,87.30,38.12,74.46,52.98,63.74,0.18,0.00,0.00,1.18,2.56,0.83,0.33,61.00,9.53,7.08,12.58,19.26,67.49,151.22,9211877.00,8511125.00,700752.00,7.60,39992.22,770940.00
2008,11,11.97,6875.92,10.53,6048.96,1.10,0.00,1.55,0.00,82.41,38.66,74.08,54.45,64.23,0.12,0.00,0.00,1.12,2.72,0.94,0.28,51.56,9.62,6.35,11.74,18.57,233.60,28.49,9202528.00,8461341.00,741187.00,8.10,39992.22,770940.00
2008,12,11.98,7528.57,10.57,5892.31,0.72,0.00,1.46,0.00,81.34,30.14,70.39,48.24,59.31,0.00,0.00,0.00,3.47,3.28,0.83,0.39,53.93,9.05,6.34,11.96,18.80,212.49,16.43,9189256.00,8403601.00,785655.00,8.50,39992.22,770940.00
2009,1,12.58,7855.44,11.07,6067.19,0.74,0.00,1.10,0.00,82.34,29.07,71.04,48.18,59.62,0.00,0.00,0.00,2.88,1.89,0.72,0.22,47.42,9.26,6.39,12.33,18.99,341.92,7.48,9174390.00,8342876.00,831514.00,9.10,37479.48,722825.00
2009,2,12.74,7772.40,11.38,5494.85,1.20,0.00,2.58,0.00,86.76,37.28,77.57,56.42,66.98,0.18,0.00,0.00,0.59,3.50,1.67,0.94,46.03,9.53,6.86,12.77,19.27,298.68,3.79,9161031.00,8285939.00,875092.00,9.60,37479.48,722825.00
2009,3,12.60,6660.65,11.16,5550.77,1.67,0.00,3.21,0.00,89.48,43.94,81.37,61.08,71.23,1.35,0.00,0.00,0.06,3.00,1.50,0.89,54.25,9.40,7.51,13.74,20.03,145.89,31.40,9151372.00,8239221.00,912151.00,10.00,37479.48,722825.00
2009,4,12.38,6646.80,10.89,5879.79,2.84,0.00,9.98,0.00,92.74,61.77,86.04,68.93,77.48,6.88,0.00,0.00,0.00,10.78,6.06,2.78,57.85,9.46,8.14,14.55,21.27,54.53,87.50,9145102.00,8204633.00,940469.00,10.30,37479.48,722825.00
2009,5,12.26,7740.82,10.73,6326.43,1.60,0.00,5.87,0.00,97.88,66.90,90.96,73.79,82.38,19.59,0.00,0.00,0.00,8.83,3.83,1.94,66.77,9.43,6.75,13.38,20.37,5.09,213.19,9139428.00,8178608.00,960820.00,10.50,37479.48,722825.00
2009,6,12.23,9367.05,10.57,6845.36,1.69,0.00,7.03,0.00,94.95,68.71,90.53,74.54,82.51,20.41,0.00,0.00,0.00,11.39,5.00,1.89,71.17,9.27,5.68,12.67,20.60,0.00,352.22,9132122.00,8157108.00,975014.00,10.70,37479.48,722825.00
2009,7,12.36,10874.48,10.57,7233.42,1.60,0.00,6.34,0.00,94.76,69.86,90.69,75.20,82.95,22.47,0.00,0.00,0.00,11.67,3.89,1.61,71.83,9.49,5.06,12.29,20.41,0.00,370.43,9121295.00,8136019.00,985276.00,10.80,37479.48,722825.00
2009,8,12.25,10491.42,10.50,7087.87,2.37,0.00,6.75,0.00,92.81,63.29,88.96,73.75,81.36,13.41,0.00,0.00,0.00,9.78,4.11,1.89,72.42,9.50,4.89,11.80,19.71,0.00,372.50,9107134.00,8113635.00,993499.00,10.90,37479.48,722825.00
2009,9,12.34,10051.49,10.51,7161.17,1.07,0.00,2.52,0.00,93.22,48.58,85.66,68.19,76.93,9.35,0.00,0.00,0.00,3.94,1.67,0.67,71.58,9.52,4.93,11.06,18.24,1.05,315.81,9092846.00,8092134.00,1000712.00,11.00,37479.48,722825.00
2009,10,12.34,9089.24,10.63,6807.62,1.33,0.00,2.39,0.00,85.84,42.58,77.30,58.80,68.06,0.29,0.00,0.00,0.06,3.33,1.28,0.89,66.54,9.54,5.76,11.18,18.00,42.20,237.59,9082164.00,8074964.00,1007200.00,11.10,37479.48,722825.00
2009,11,12.49,7549.17,10.85,6290.85,1.95,0.00,5.17,0.00,84.06,37.93,71.40,54.33,62.88,0.06,0.00,0.00,0.65,6.83,3.11,1.78,57.24,9.39,6.13,11.26,18.07,145.48,59.02,9081076.00,8067589.00,1013487.00,11.20,37479.48,722825.00
2009,12,12.22,7484.72,10.63,6164.70,1.54,0.00,3.60,0.00,80.94,26.13,64.91,44.05,54.46,0.00,0.00,0.00,7.00,5.17,2.39,1.06,54.28,9.18,6.91,12.54,19.81,275.24,39.37,9092393.00,8073744.00,1018649.00,11.20,37479.48,722825.00
2010,1,9.34,9665.20,7.52,6100.89,1.54,0.00,3.86,0.00,76.77,34.05,64.59,44.86,54.75,0.00,0.00,0.00,3.41,6.67,2.78,0.89,42.65,9.40,6.99,12.81,19.80,506.44,9.99,9114179.00,8093722.00,1020457.00,11.20,38088.52,723549.00
2010,2,11.49,7757.75,10.09,5541.87,2.33,0.00,5.86,0.00,81.11,36.36,70.70,50.42,60.56,0.00,0.00,0.00,0.82,6.39,4.00,1.61,42.97,9.56,7.10,13.43,20.39,439.27,3.42,9140677.00,8122875.00,1017802.00,11.10,38088.52,723549.00
2010,3,11.54,7412.44,10.16,5370.10,1.90,0.00,3.92,0.00,87.26,50.87,80.88,61.31,71.07,0.00,0.00,0.00,0.00,4.00,2.06,1.44,48.42,9.56,7.29,13.79,20.73,302.53,6.91,9167124.00,8155204.00,1011920.00,11.00,38088.52,723549.00
2010,4,11.63,5962.36,10.05,5662.50,1.45,0.00,3.34,0.00,94.39,63.76,87.78,70.84,79.33,10.71,0.00,0.00,0.00,4.44,2.06,1.06,59.21,9.52,7.00,12.89,19.24,40.37,60.08,9190963.00,8185992.00,1004971.00,10.90,38088.52,723549.00
2010,5,11.55,7346.30,9.94,6338.98,1.63,0.00,5.65,0.00,97.55,70.06,92.50,75.19,83.84,25.41,0.00,0.00,0.00,9.83,3.72,1.44,68.91,9.34,6.48,12.30,18.60,0.40,267.39,9210648.00,8211878.00,998770.00,10.80,38088.52,723549.00
2010,6,11.65,9723.47,9.79,7146.10,1.83,0.00,5.72,0.00,97.90,70.65,91.89,76.36,84.09,23.59,0.00,0.00,0.00,8.67,3.94,1.61,73.30,9.57,5.43,12.40,20.29,0.00,391.34,9226032.00,8229953.00,996079.00,10.80,38088.52,723549.00
2010,7,11.71,10644.43,9.81,7384.90,2.12,0.00,8.83,0.00,96.36,72.87,91.32,76.76,84.03,23.59,0.00,0.00,0.00,12.11,5.67,2.94,74.20,9.59,5.78,12.05,19.35,0.00,410.48,9238615.00,8240342.00,998273.00,10.80,38088.52,723549.00
2010,8,11.77,10777.47,9.86,7381.92,1.71,0.00,4.58,0.00,95.22,67.64,90.29,73.80,82.06,18.41,0.00,0.00,0.00,6.78,2.44,1.06,75.20,9.53,5.34,12.38,20.05,0.00,403.12,9250368.00,8246757.00,1003611.00,10.80,38088.52,723549.00
2010,9,11.73,10012.41,9.85,7314.92,0.22,0.00,0.46,0.00,90.10,54.66,85.06,63.76,74.40,1.88,0.00,0.00,0.00,1.39,0.22,0.00,71.44,9.58,5.85,11.89,18.84,0.24,332.23,9260711.00,8252260.00,1008451.00,10.90,38088.52,723549.00
2010,10,11.70,7806.73,10.00,6601.39,1.16,0.00,2.20,0.00,85.69,43.13,77.88,56.81,67.33,0.06,0.00,0.00,0.29,3.83,1.28,0.56,60.69,9.72,5.56,10.75,17.03,26.69,142.10,9269587.00,8260377.00,1009210.00,10.90,38088.52,723549.00
2010,11,11.70,6656.93,10.01,6081.64,0.55,0.00,1.12,0.00,79.51,27.44,64.50,40.72,52.62,0.00,0.00,0.00,7.41,2.67,0.61,0.11,56.01,9.52,5.96,11.46,18.06,143.34,45.19,9276242.00,8272523.00,1003719.00,10.80,38088.52,723549.00
2010,12,11.68,7818.17,10.07,5984.81,1.59,0.00,3.89,0.00,79.87,29.59,68.29,46.99,57.64,0.00,0.00,0.00,3.12,5.17,2.94,1.50,39.52,9.55,6.90,12.55,19.60,551.17,1.38,9280198.00,8287874.00,992324.00,10.70,38088.52,723549.00
2011,1,11.33,9199.06,9.77,5837.77,0.73,0.00,1.56,0.00,85.02,38.69,74.42,53.96,64.20,0.00,0.00,0.00,1.12,3.06,0.89,0.44,46.85,9.13,6.23,12.34,19.31,406.85,4.80,9289861.00,8311201.00,978660.00,10.50,38923.22,718872.00
2011,2,11.28,7314.52,9.91,5400.57,2.06,0.00,4.37,0.00,88.77,42.58,78.73,57.45,68.08,0.59,0.00,0.00,0.12,4.56,2.44,1.56,53.53,8.57,5.94,11.93,18.41,225.38,18.52,9291555.00,8327538.00,964017.00,10.40,38923.22,718872.00
2011,3,11.46,6285.01,9.92,5608.58,0.85,0.00,1.65,0.00,91.53,51.23,85.20,64.16,74.67,5.76,0.00,0.00,0.00,2.83,1.33,0.33,56.45,9.20,7.07,13.57,20.52,115.84,40.01,9290935.00,8339876.00,951059.00,10.20,38923.22,718872.00
2011,4,11.41,7128.55,9.77,6190.01,1.08,0.00,1.84,0.00,94.79,57.16,87.75,67.27,77.51,11.65,0.00,0.00,0.00,2.83,1.44,0.50,62.66,9.48,6.68,12.73,19.07,26.10,153.22,9288074.00,8347489.00,940585.00,10.10,38923.22,718872.00
2011,5,11.52,8176.14,9.88,6495.19,2.29,0.00,5.98,0.00,98.54,67.70,92.05,73.35,82.72,22.35,0.00,0.00,0.00,7.56,3.06,2.00,63.95,9.49,6.40,12.47,18.75,10.96,225.89,9285434.00,8353148.00,932286.00,10.00,38923.22,718872.00
2011,6,11.60,9971.90,9.76,7115.97,2.15,0.00,6.83,0.00,96.19,70.17,91.16,75.33,83.25,23.41,0.00,0.00,0.00,9.83,4.00,2.00,70.20,9.31,5.85,12.99,20.40,0.01,349.33,9285070.00,8361155.00,923915.00,10.00,38923.22,718872.00
2011,7,11.61,10547.07,9.75,7156.91,1.82,0.00,7.43,0.00,96.88,71.47,92.53,76.06,84.32,26.82,0.00,0.00,0.00,10.61,4.89,2.39,73.69,9.51,4.88,11.63,19.24,0.00,383.71,9288412.00,8375122.00,913290.00,9.80,38923.22,718872.00
2011,8,11.62,11195.19,9.85,7399.82,1.98,0.00,6.18,0.00,94.11,67.38,89.27,72.69,80.96,15.47,0.00,0.00,0.00,8.39,3.94,2.33,74.45,9.43,5.15,12.41,20.48,0.00,413.71,9295166.00,8395153.00,900013.00,9.70,38923.22,718872.00
2011,9,11.59,10438.00,9.71,7375.35,2.57,0.00,6.65,0.00,88.89,50.18,81.56,63.53,72.54,1.41,0.00,0.00,0.00,6.44,3.28,2.06,71.14,9.44,4.97,11.41,19.20,0.45,299.48,9303890.00,8419453.00,884437.00,9.50,38923.22,718872.00
2011,10,11.51,8063.35,9.94,6562.77,0.72,0.00,1.43,0.00,85.16,44.10,77.60,59.12,68.37,0.00,0.00,0.00,0.29,3.28,0.72,0.22,60.93,9.56,6.73,12.54,20.16,59.58,116.67,9312959.00,8445358.00,867601.00,9.30,38923.22,718872.00
2011,11,11.56,6491.78,10.07,5907.62,1.01,0.00,1.91,0.00,81.58,41.86,74.55,56.04,65.31,0.00,0.00,0.00,0.29,3.06,1.06,0.50,58.19,9.58,7.30,13.01,19.87,122.68,51.88,9319854.00,8469106.00,850748.00,9.10,38923.22,718872.00
2011,12,11.47,6773.09,9.94,5859.48,0.42,0.00,0.88,0.00,82.63,31.51,72.50,50.01,61.23,0.00,0.00,0.00,2.53,1.89,0.67,0.06,55.76,9.39,6.51,11.98,18.73,196.68,24.57,9323847.00,8488734.00,835113.00,9.00,38923.22,718872.00
2012,1,11.55,7644.71,9.93,5710.56,1.15,0.00,2.55,0.00,85.28,33.47,75.02,57.15,66.08,0.06,0.00,0.00,0.94,3.78,1.78,0.83,49.58,9.24,5.61,11.57,18.39,294.42,10.11,9326488.00,8504662.00,821826.00,8.80,38869.94,731319.00
2012,2,11.33,6797.13,9.85,5609.67,1.27,0.00,2.46,0.00,87.00,44.71,81.35,61.92,71.65,0.06,0.00,0.00,0.00,3.78,1.61,0.56,55.79,9.01,6.43,12.22,19.24,171.84,27.60,9330306.00,8518777.00,811529.00,8.70,38869.94,731319.00
2012,3,11.09,7165.46,9.53,6039.92,1.43,0.00,3.29,0.00,90.12,49.18,82.68,62.35,72.52,1.76,0.00,0.00,0.00,4.56,2.22,1.11,59.73,9.34,7.15,13.41,20.18,45.30,67.27,9336049.00,8531496.00,804553.00,8.60,38869.94,731319.00
2012,4,11.42,7272.66,9.67,6094.85,2.35,0.00,5.96,0.00,94.54,62.76,87.27,69.30,78.29,9.24,0.00,0.00,0.00,7.50,3.44,1.83,58.93,9.57,6.81,13.14,19.80,31.79,89.95,9343328.00,8543158.00,800170.00,8.60,38869.94,731319.00
2012,5,11.00,8408.71,9.36,6756.32,5.05,0.00,12.59,0.00,94.23,66.55,87.72,72.66,80.19,10.24,0.00,0.00,0.00,10.67,6.06,3.50,67.06,9.50,6.05,12.66,19.53,0.36,231.83,9352722.00,8556212.00,796510.00,8.50,38869.94,731319.00
2012,6,11.49,9719.34,9.61,6896.68,1.73,0.00,6.46,0.00,95.02,70.55,90.67,74.72,82.71,20.65,0.00,0.00,0.00,8.67,4.50,2.22,70.31,9.41,6.99,13.71,21.28,0.01,281.92,9363737.00,8572197.00,791540.00,8.50,38869.94,731319.00
2012,7,11.31,10906.76,9.46,7309.04,2.55,0.00,11.21,0.00,93.80,70.72,89.68,74.85,82.26,18.94,0.00,0.00,0.00,13.61,7.28,3.33,73.09,9.56,4.92,12.06,19.60,0.00,358.73,9375654.00,8591475.00,784179.00,8.40,38869.94,731319.00
2012,8,11.49,11242.21,9.56,7284.82,1.93,0.00,5.97,0.00,92.80,65.17,88.44,72.82,80.61,10.12,0.00,0.00,0.00,8.44,3.94,1.89,73.52,9.44,5.65,12.94,21.21,0.51,338.26,9387808.00,8612803.00,775005.00,8.30,38869.94,731319.00
2012,9,11.60,9969.03,9.68,6997.81,1.47,0.00,3.83,0.00,90.35,48.42,83.23,66.82,75.04,1.88,0.00,0.00,0.00,5.94,2.56,1.17,70.98,9.56,5.23,11.51,18.52,0.27,279.63,9399827.00,8634225.00,765602.00,8.10,38869.94,731319.00
2012,10,11.53,8674.68,9.69,6579.52,0.27,0.00,0.44,0.00,83.23,41.96,74.61,54.03,64.32,0.00,0.00,0.00,0.41,1.44,0.11,0.00,63.90,9.54,6.69,12.58,19.92,45.42,162.06,9409185.00,8652885.00,756300.00,8.00,38869.94,731319.00
2012,11,11.82,6779.61,10.10,5748.44,1.01,0.00,2.44,0.00,82.82,35.41,74.23,54.20,64.24,0.00,0.00,0.00,1.24,4.44,1.78,0.28,53.12,9.30,5.75,10.91,17.02,215.48,12.49,9414404.00,8667436.00,746968.00,7.90,38869.94,731319.00
2012,12,11.38,7003.36,9.69,5882.40,0.31,0.00,0.68,0.00,83.27,41.83,75.32,56.53,65.90,0.00,0.00,0.00,0.18,2.22,0.17,0.06,54.99,9.01,5.84,11.54,18.15,230.21,24.75,9415471.00,8678497.00,736974.00,7.80,38869.94,731319.00
2013,1,11.20,7547.86,9.42,5792.03,1.48,0.00,3.55,0.00,84.42,35.19,74.10,53.80,63.96,0.00,0.00,0.00,1.12,4.61,1.89,0.89,56.38,8.97,6.18,11.84,19.16,184.83,27.61,9413545.00,8687417.00,726128.00,7.70,38401.04,749292.00
2013,2,11.28,6812.02,9.61,5522.58,0.84,0.00,1.42,0.00,85.51,35.76,72.11,49.46,60.81,0.29,0.00,0.00,1.00,2.72,0.78,0.33,52.12,9.29,6.42,12.70,20.04,220.81,24.35,9411761.00,8697259.00,714502.00,7.60,38401.04,749292.00
2013,3,11.09,7127.01,9.58,5648.22,1.75,0.00,4.11,0.00,89.46,52.99,82.17,63.88,73.03,0.94,0.00,0.00,0.00,6.06,2.61,1.50,45.41,9.63,7.01,13.55,20.22,316.65,10.97,9413743.00,8711150.00,702593.00,7.50,38401.04,749292.00
2013,4,11.05,7370.79,9.31,6062.79,2.28,0.00,5.75,0.00,91.98,54.46,84.36,66.06,75.19,4.41,0.00,0.00,0.00,6.72,3.39,1.83,62.38,9.45,6.86,13.29,20.03,43.29,98.89,9421285.00,8730021.00,691264.00,7.30,38401.04,749292.00
2013,5,11.22,7905.02,9.34,6506.11,2.28,0.00,8.73,0.00,93.93,70.59,89.07,74.23,81.63,14.29,0.00,0.00,0.00,11.61,5.61,2.94,63.58,9.50,6.35,12.98,19.83,17.55,154.38,9430924.00,8749680.00,681244.00,7.20,38401.04,749292.00
2013,6,11.20,9586.46,9.25,7030.57,2.97,0.00,11.92,0.00,93.73,70.89,88.77,74.33,81.55,12.76,0.00,0.00,0.00,15.72,7.44,3.72,72.64,9.52,5.58,12.68,20.39,0.00,310.47,9438799.00,8766396.00,672403.00,7.10,38401.04,749292.00
2013,7,11.27,10385.94,9.26,7035.93,1.92,0.00,7.48,0.00,94.58,71.03,90.43,75.54,82.99,21.29,0.00,0.00,0.00,11.39,4.89,1.83,72.98,9.34,5.37,13.08,21.51,0.01,308.01,9443105.00,8779304.00,663801.00,7.00,38401.04,749292.00
2013,8,11.26,10828.96,9.23,7383.96,2.22,0.00,7.22,0.00,93.55,68.35,88.76,73.20,80.97,13.71,0.00,0.00,0.00,9.94,4.61,2.44,73.49,9.45,4.82,11.85,20.14,0.00,351.94,9443588.00,8789570.00,654018.00,6.90,38401.04,749292.00
2013,9,11.58,10128.14,9.39,7025.52,1.10,0.00,1.90,0.00,90.42,56.18,84.72,67.36,76.05,2.76,0.00,0.00,0.00,2.94,1.06,0.44,71.57,9.52,4.94,11.73,19.86,0.01,284.71,9443548.00,8800233.00,643315.00,6.80,38401.04,749292.00
2013,10,11.25,8886.04,9.37,6740.68,1.70,0.00,3.63,0.00,86.67,38.62,77.89,61.08,69.47,0.06,0.00,0.00,0.47,5.17,2.11,1.28,64.83,9.58,5.10,10.37,17.57,29.97,166.78,9448481.00,8814472.00,634009.00,6.70,38401.04,749292.00
2013,11,11.47,7308.22,9.61,6065.91,1.23,0.00,2.51,0.00,84.41,44.31,75.95,57.59,66.75,0.00,0.00,0.00,0.47,3.56,1.50,0.78,58.30,9.52,7.47,13.18,20.91,131.30,65.26,9461929.00,8834001.00,627928.00,6.60,38401.04,749292.00
2013,12,11.31,7697.19,9.44,6095.73,1.32,0.01,4.00,0.01,81.07,31.47,66.96,47.09,57.03,0.00,0.12,0.00,4.06,7.78,2.06,0.83,56.77,9.18,6.02,11.65,18.94,192.19,42.95,9483061.00,8857652.00,625409.00,6.60,38401.04,749292.00
2014,1,11.74,8106.08,9.62,5905.33,1.16,0.00,3.13,0.00,83.59,39.32,74.54,54.92,64.75,0.00,0.00,0.00,0.59,5.11,2.33,0.89,45.33,9.03,6.34,12.60,20.21,454.19,11.33,9507622.00,8882564.00,625058.00,6.60,39170.43,769662.00
2014,2,11.81,7889.37,10.13,5540.05,2.13,0.00,5.12,0.00,85.00,43.78,75.38,55.56,65.46,0.12,0.00,0.00,0.00,5.61,3.28,1.78,55.00,8.52,5.49,11.78,19.55,221.28,26.96,9529909.00,8905442.00,624467.00,6.60,39170.43,769662.00
2014,3,11.75,7058.10,10.01,5795.43,2.39,0.00,5.43,0.00,89.89,49.71,81.44,62.46,71.93,1.35,0.00,0.00,0.00,4.67,2.72,1.44,54.07,9.23,6.79,13.40,20.92,196.85,26.74,9545526.00,8923686.00,621840.00,6.50,39170.43,769662.00
2014,4,11.67,6989.11,9.80,6078.54,1.99,0.00,4.26,0.00,92.70,57.92,86.17,68.05,77.13,6.88,0.00,0.00,0.00,5.67,2.67,1.28,61.34,9.24,6.91,13.33,20.24,59.86,85.17,9553117.00,8937222.00,615895.00,6.40,39170.43,769662.00
2014,5,11.76,8126.12,9.79,6634.88,1.62,0.00,6.93,0.00,94.94,67.42,89.34,72.35,80.83,14.06,0.00,0.00,0.00,10.11,4.56,2.22,65.20,9.38,6.48,12.91,19.97,11.45,204.45,9555954.00,8949213.00,606741.00,6.30,39170.43,769662.00
2014,6,12.00,9218.26,9.84,6831.94,1.77,0.00,7.22,0.00,94.94,69.83,90.35,74.49,82.42,20.18,0.00,0.00,0.00,11.50,5.17,2.17,70.86,9.59,5.31,12.68,21.65,0.16,299.35,9559508.00,8963245.00,596263.00,6.20,39170.43,769662.00
2014,7,11.87,10490.84,9.72,7205.86,1.71,0.00,6.00,0.00,96.64,70.40,91.96,75.33,83.66,26.06,0.00,0.00,0.00,9.11,4.11,1.67,72.74,9.43,4.84,12.15,21.12,0.03,353.33,9565722.00,8979010.00,586712.00,6.10,39170.43,769662.00
2014,8,11.89,11080.32,9.69,7531.44,2.30,0.00,10.11,0.00,93.48,67.79,87.81,73.04,80.41,10.06,0.00,0.00,0.00,13.61,6.72,3.22,73.45,9.58,5.04,12.18,21.44,0.00,391.05,9575363.00,8995940.00,579423.00,6.10,39170.43,769662.00
2014,9,12.22,10098.41,9.94,7002.05,1.51,0.00,2.68,0.00,90.60,55.23,84.09,64.92,74.50,2.82,0.00,0.00,0.00,3.67,1.78,0.72,72.03,9.41,4.82,11.60,20.24,0.83,274.06,9586592.00,9012670.00,573922.00,6.00,39170.43,769662.00
2014,10,11.91,8403.81,9.90,6616.70,2.16,0.00,4.28,0.00,85.13,38.05,73.81,53.42,63.60,0.00,0.00,0.00,1.18,5.22,2.00,1.39,63.59,9.48,5.12,10.71,18.61,31.82,155.32,9596198.00,9027463.00,568735.00,5.90,39170.43,769662.00
2014,11,12.11,6774.81,10.17,5915.05,1.51,0.00,2.57,0.00,82.70,39.91,73.18,54.56,63.88,0.00,0.00,0.00,0.65,4.33,1.17,0.56,52.64,9.39,6.88,12.64,20.04,249.57,31.22,9601943.00,9039217.00,562726.00,5.90,39170.43,769662.00
2014,12,11.82,7348.43,9.92,5852.75,1.55,0.00,2.82,0.00,81.85,37.05,70.63,51.59,61.09,0.00,0.00,0.00,1.18,3.78,1.39,1.00,55.25,8.90,5.48,10.66,17.84,238.42,24.07,9604382.00,9048215.00,556167.00,5.80,39170.43,769662.00
